Compound_SMILES,Compound_InchiKeys,Compound_Name,UniProt_Id,Entrez_Gene_Symbol,DiscoveRx_Gene_Symbol,pKd_[M]_pred
C[C@@H](OC1=C(N)N=CC(C2=C(C#N)N(C)N=C2C3)=C1)C4=CC(F)=CC=C4C(N3C)=O,IIXWYSCJSQVBQM-LLVKDONJSA-N,PFE-PKIS 10,Q9UM73,ALK,ALK,8.206200000000006
C[C@@H](OC1=C(N)N=CC(C2=C(C#N)N(C)N=C2C3)=C1)C4=CC(F)=CC=C4C(N3C)=O,IIXWYSCJSQVBQM-LLVKDONJSA-N,PFE-PKIS 10,Q9UIK4,DAPK2,DAPK2,6.654899999999995
C[C@@H](OC1=C(N)N=CC(C2=C(C#N)N(C)N=C2C3)=C1)C4=CC(F)=CC=C4C(N3C)=O,IIXWYSCJSQVBQM-LLVKDONJSA-N,PFE-PKIS 10,O15075,DCLK1,DCAMKL1,6.087999999999999
C[C@@H](OC1=C(N)N=CC(C2=C(C#N)N(C)N=C2C3)=C1)C4=CC(F)=CC=C4C(N3C)=O,IIXWYSCJSQVBQM-LLVKDONJSA-N,PFE-PKIS 10,Q8N568,DCLK2,DCAMKL2,7.043000000000002
C[C@@H](OC1=C(N)N=CC(C2=C(C#N)N(C)N=C2C3)=C1)C4=CC(F)=CC=C4C(N3C)=O,IIXWYSCJSQVBQM-LLVKDONJSA-N,PFE-PKIS 10,O15197,EPHB6,EPHB6,6.968249999999997
C[C@@H](OC1=C(N)N=CC(C2=C(C#N)N(C)N=C2C3)=C1)C4=CC(F)=CC=C4C(N3C)=O,IIXWYSCJSQVBQM-LLVKDONJSA-N,PFE-PKIS 10,Q05397,PTK2,FAK,7.279750000000003
C[C@@H](OC1=C(N)N=CC(C2=C(C#N)N(C)N=C2C3)=C1)C4=CC(F)=CC=C4C(N3C)=O,IIXWYSCJSQVBQM-LLVKDONJSA-N,PFE-PKIS 10,P16591,FER,FER,6.7151499999999995
C[C@@H](OC1=C(N)N=CC(C2=C(C#N)N(C)N=C2C3)=C1)C4=CC(F)=CC=C4C(N3C)=O,IIXWYSCJSQVBQM-LLVKDONJSA-N,PFE-PKIS 10,P07332,FES,FES,6.921949999999999
C[C@@H](OC1=C(N)N=CC(C2=C(C#N)N(C)N=C2C3)=C1)C4=CC(F)=CC=C4C(N3C)=O,IIXWYSCJSQVBQM-LLVKDONJSA-N,PFE-PKIS 10,P42685,FRK,FRK,7.171099999999999
C[C@@H](OC1=C(N)N=CC(C2=C(C#N)N(C)N=C2C3)=C1)C4=CC(F)=CC=C4C(N3C)=O,IIXWYSCJSQVBQM-LLVKDONJSA-N,PFE-PKIS 10,Q15835,GRK1,GRK1,6.527800000000001
C[C@@H](OC1=C(N)N=CC(C2=C(C#N)N(C)N=C2C3)=C1)C4=CC(F)=CC=C4C(N3C)=O,IIXWYSCJSQVBQM-LLVKDONJSA-N,PFE-PKIS 10,Q8WTQ7,GRK7,GRK7,6.608
C[C@@H](OC1=C(N)N=CC(C2=C(C#N)N(C)N=C2C3)=C1)C4=CC(F)=CC=C4C(N3C)=O,IIXWYSCJSQVBQM-LLVKDONJSA-N,PFE-PKIS 10,O94804,STK10,LOK,6.797950000000003
C[C@@H](OC1=C(N)N=CC(C2=C(C#N)N(C)N=C2C3)=C1)C4=CC(F)=CC=C4C(N3C)=O,IIXWYSCJSQVBQM-LLVKDONJSA-N,PFE-PKIS 10,P29376,LTK,LTK,6.6441500000000016
C[C@@H](OC1=C(N)N=CC(C2=C(C#N)N(C)N=C2C3)=C1)C4=CC(F)=CC=C4C(N3C)=O,IIXWYSCJSQVBQM-LLVKDONJSA-N,PFE-PKIS 10,P46734,MAP2K3,MEK3,7.450499999999995
C[C@@H](OC1=C(N)N=CC(C2=C(C#N)N(C)N=C2C3)=C1)C4=CC(F)=CC=C4C(N3C)=O,IIXWYSCJSQVBQM-LLVKDONJSA-N,PFE-PKIS 10,P15735,PHKG2,PHKG2,7.775649999999995
C[C@@H](OC1=C(N)N=CC(C2=C(C#N)N(C)N=C2C3)=C1)C4=CC(F)=CC=C4C(N3C)=O,IIXWYSCJSQVBQM-LLVKDONJSA-N,PFE-PKIS 10,O00444,PLK4,PLK4,8.076500000000006
C[C@@H](OC1=C(N)N=CC(C2=C(C#N)N(C)N=C2C3)=C1)C4=CC(F)=CC=C4C(N3C)=O,IIXWYSCJSQVBQM-LLVKDONJSA-N,PFE-PKIS 10,Q14289,PTK2B,PYK2,7.957700000000013
C[C@@H](OC1=C(N)N=CC(C2=C(C#N)N(C)N=C2C3)=C1)C4=CC(F)=CC=C4C(N3C)=O,IIXWYSCJSQVBQM-LLVKDONJSA-N,PFE-PKIS 10,Q6XUX3,DSTYK,RIPK5,6.924999999999991
C[C@@H](OC1=C(N)N=CC(C2=C(C#N)N(C)N=C2C3)=C1)C4=CC(F)=CC=C4C(N3C)=O,IIXWYSCJSQVBQM-LLVKDONJSA-N,PFE-PKIS 10,P08922,ROS1,ROS1,6.472700000000002
C[C@@H](OC1=C(N)N=CC(C2=C(C#N)N(C)N=C2C3)=C1)C4=CC(F)=CC=C4C(N3C)=O,IIXWYSCJSQVBQM-LLVKDONJSA-N,PFE-PKIS 10,Q9H2G2,SLK,SLK,6.61505
C[C@@H](OC1=C(N)N=CC(C2=C(C#N)N(C)N=C2C3)=C1)C4=CC(F)=CC=C4C(N3C)=O,IIXWYSCJSQVBQM-LLVKDONJSA-N,PFE-PKIS 10,Q13470,TNK1,TNK1,6.4579499999999985
C[C@@H](OC1=C(N)N=CC(C2=C(C#N)N(C)N=C2C3)=C1)C4=CC(F)=CC=C4C(N3C)=O,IIXWYSCJSQVBQM-LLVKDONJSA-N,PFE-PKIS 10,Q07912,TNK2,TNK2,6.864950000000001
C[C@@H](OC1=C(N)N=CC(C2=C(C#N)N(C)N=C2C3)=C1)C4=CC(F)=CC=C4C(N3C)=O,IIXWYSCJSQVBQM-LLVKDONJSA-N,PFE-PKIS 10,P04629,NTRK1,TRKA,6.841874999999996
C[C@@H](OC1=C(N)N=CC(C2=C(C#N)N(C)N=C2C3)=C1)C4=CC(F)=CC=C4C(N3C)=O,IIXWYSCJSQVBQM-LLVKDONJSA-N,PFE-PKIS 10,Q16620,NTRK2,TRKB,7.875200000000004
NC(C(C=C1)=CC=C1C2=CC3=NC=NC(SCC(O)=O)=C3S2)=O,MAUXTEABCSHUTA-UHFFFAOYSA-N,PFE-PKIS 14,Q96GD4,AURKB,AURKB,6.725549999999999
NC(C(C=C1)=CC=C1C2=CC3=NC=NC(SCC(O)=O)=C3S2)=O,MAUXTEABCSHUTA-UHFFFAOYSA-N,PFE-PKIS 14,Q8N5S9,CAMKK1,CAMKK1,6.432849999999995
NC(C(C=C1)=CC=C1C2=CC3=NC=NC(SCC(O)=O)=C3S2)=O,MAUXTEABCSHUTA-UHFFFAOYSA-N,PFE-PKIS 14,Q96RR4,CAMKK2,CAMKK2,5.9977
NC(C(C=C1)=CC=C1C2=CC3=NC=NC(SCC(O)=O)=C3S2)=O,MAUXTEABCSHUTA-UHFFFAOYSA-N,PFE-PKIS 14,P49759,CLK1,CLK1,6.4084999999999965
NC(C(C=C1)=CC=C1C2=CC3=NC=NC(SCC(O)=O)=C3S2)=O,MAUXTEABCSHUTA-UHFFFAOYSA-N,PFE-PKIS 14,Q9HAZ1,CLK4,CLK4,7.351449999999999
NC(C(C=C1)=CC=C1C2=CC3=NC=NC(SCC(O)=O)=C3S2)=O,MAUXTEABCSHUTA-UHFFFAOYSA-N,PFE-PKIS 14,P68400,CSNK2A1,CSNK2A1,7.6347000000000085
NC(C(C=C1)=CC=C1C2=CC3=NC=NC(SCC(O)=O)=C3S2)=O,MAUXTEABCSHUTA-UHFFFAOYSA-N,PFE-PKIS 14,P19784,CSNK2A2,CSNK2A2,7.09445
NC(C(C=C1)=CC=C1C2=CC3=NC=NC(SCC(O)=O)=C3S2)=O,MAUXTEABCSHUTA-UHFFFAOYSA-N,PFE-PKIS 14,Q9UEE5,STK17A,DRAK1,7.218450000000002
NC(C(C=C1)=CC=C1C2=CC3=NC=NC(SCC(O)=O)=C3S2)=O,MAUXTEABCSHUTA-UHFFFAOYSA-N,PFE-PKIS 14,O94768,STK17B,DRAK2,7.175549999999996
NC(C(C=C1)=CC=C1C2=CC3=NC=NC(SCC(O)=O)=C3S2)=O,MAUXTEABCSHUTA-UHFFFAOYSA-N,PFE-PKIS 14,Q13627,DYRK1A,DYRK1A,6.5376999999999965
NC(C(C=C1)=CC=C1C2=CC3=NC=NC(SCC(O)=O)=C3S2)=O,MAUXTEABCSHUTA-UHFFFAOYSA-N,PFE-PKIS 14,Q86Z02,HIPK1,HIPK1,6.511874999999998
NC(C(C=C1)=CC=C1C2=CC3=NC=NC(SCC(O)=O)=C3S2)=O,MAUXTEABCSHUTA-UHFFFAOYSA-N,PFE-PKIS 14,Q9H2X6,HIPK2,HIPK2,6.8713750000000005
NC(C(C=C1)=CC=C1C2=CC3=NC=NC(SCC(O)=O)=C3S2)=O,MAUXTEABCSHUTA-UHFFFAOYSA-N,PFE-PKIS 14,Q9H422,HIPK3,HIPK3,7.541799999999992
NC(C(C=C1)=CC=C1C2=CC3=NC=NC(SCC(O)=O)=C3S2)=O,MAUXTEABCSHUTA-UHFFFAOYSA-N,PFE-PKIS 14,Q8NE63,HIPK4,HIPK4,7.646200000000005
NC(C(C=C1)=CC=C1C2=CC3=NC=NC(SCC(O)=O)=C3S2)=O,MAUXTEABCSHUTA-UHFFFAOYSA-N,PFE-PKIS 14,P09619,PDGFRB,PDGFRB,6.9826999999999995
NC(C(C=C1)=CC=C1C2=CC3=NC=NC(SCC(O)=O)=C3S2)=O,MAUXTEABCSHUTA-UHFFFAOYSA-N,PFE-PKIS 14,O60331,PIP5K1C,PIP5K1C,7.127000000000002
NC(C(C=C1)=CC=C1C2=CC3=NC=NC(SCC(O)=O)=C3S2)=O,MAUXTEABCSHUTA-UHFFFAOYSA-N,PFE-PKIS 14,P19525,EIF2AK2,PRKR,7.800099999999994
CS(C1=CC(CNC2=NC(NC3=CC=C(N(C(C)C)C(C4)=O)C4=C3)=NC=C2C(F)(F)F)=CC=C1)(=O)=O,OXZSOVAKZDHECN-UHFFFAOYSA-N,PFE-PKIS 18,O14965,AURKA,AURKA,7.009550000000001
CS(C1=CC(CNC2=NC(NC3=CC=C(N(C(C)C)C(C4)=O)C4=C3)=NC=C2C(F)(F)F)=CC=C1)(=O)=O,OXZSOVAKZDHECN-UHFFFAOYSA-N,PFE-PKIS 18,Q96GD4,AURKB,AURKB,6.5108999999999995
CS(C1=CC(CNC2=NC(NC3=CC=C(N(C(C)C)C(C4)=O)C4=C3)=NC=C2C(F)(F)F)=CC=C1)(=O)=O,OXZSOVAKZDHECN-UHFFFAOYSA-N,PFE-PKIS 18,P19784,CSNK2A2,CSNK2A2,6.8436900000000005
CS(C1=CC(CNC2=NC(NC3=CC=C(N(C(C)C)C(C4)=O)C4=C3)=NC=C2C(F)(F)F)=CC=C1)(=O)=O,OXZSOVAKZDHECN-UHFFFAOYSA-N,PFE-PKIS 18,O94768,STK17B,DRAK2,6.8928666666666665
CS(C1=CC(CNC2=NC(NC3=CC=C(N(C(C)C)C(C4)=O)C4=C3)=NC=C2C(F)(F)F)=CC=C1)(=O)=O,OXZSOVAKZDHECN-UHFFFAOYSA-N,PFE-PKIS 18,Q05397,PTK2,FAK,6.33465
CS(C1=CC(CNC2=NC(NC3=CC=C(N(C(C)C)C(C4)=O)C4=C3)=NC=C2C(F)(F)F)=CC=C1)(=O)=O,OXZSOVAKZDHECN-UHFFFAOYSA-N,PFE-PKIS 18,P36888,FLT3,FLT3,6.173750000000002
CS(C1=CC(CNC2=NC(NC3=CC=C(N(C(C)C)C(C4)=O)C4=C3)=NC=C2C(F)(F)F)=CC=C1)(=O)=O,OXZSOVAKZDHECN-UHFFFAOYSA-N,PFE-PKIS 18,P35916,FLT4,FLT4,6.192100000000002
CS(C1=CC(CNC2=NC(NC3=CC=C(N(C(C)C)C(C4)=O)C4=C3)=NC=C2C(F)(F)F)=CC=C1)(=O)=O,OXZSOVAKZDHECN-UHFFFAOYSA-N,PFE-PKIS 18,P23458,JAK1,JAK1(JH2domain-pseudokinase),6.199350000000002
CS(C1=CC(CNC2=NC(NC3=CC=C(N(C(C)C)C(C4)=O)C4=C3)=NC=C2C(F)(F)F)=CC=C1)(=O)=O,OXZSOVAKZDHECN-UHFFFAOYSA-N,PFE-PKIS 18,O60674,JAK2,JAK2(JH1domain-catalytic),6.096650000000002
CS(C1=CC(CNC2=NC(NC3=CC=C(N(C(C)C)C(C4)=O)C4=C3)=NC=C2C(F)(F)F)=CC=C1)(=O)=O,OXZSOVAKZDHECN-UHFFFAOYSA-N,PFE-PKIS 18,P52333,JAK3,JAK3(JH1domain-catalytic),6.321749999999997
CS(C1=CC(CNC2=NC(NC3=CC=C(N(C(C)C)C(C4)=O)C4=C3)=NC=C2C(F)(F)F)=CC=C1)(=O)=O,OXZSOVAKZDHECN-UHFFFAOYSA-N,PFE-PKIS 18,P08581,MET,MET,6.602449999999996
CS(C1=CC(CNC2=NC(NC3=CC=C(N(C(C)C)C(C4)=O)C4=C3)=NC=C2C(F)(F)F)=CC=C1)(=O)=O,OXZSOVAKZDHECN-UHFFFAOYSA-N,PFE-PKIS 18,P80192,MAP3K9,MLK1,6.24025
CS(C1=CC(CNC2=NC(NC3=CC=C(N(C(C)C)C(C4)=O)C4=C3)=NC=C2C(F)(F)F)=CC=C1)(=O)=O,OXZSOVAKZDHECN-UHFFFAOYSA-N,PFE-PKIS 18,Q02779,MAP3K10,MLK2,6.564100000000001
CS(C1=CC(CNC2=NC(NC3=CC=C(N(C(C)C)C(C4)=O)C4=C3)=NC=C2C(F)(F)F)=CC=C1)(=O)=O,OXZSOVAKZDHECN-UHFFFAOYSA-N,PFE-PKIS 18,Q16584,MAP3K11,MLK3,6.978649999999998
CS(C1=CC(CNC2=NC(NC3=CC=C(N(C(C)C)C(C4)=O)C4=C3)=NC=C2C(F)(F)F)=CC=C1)(=O)=O,OXZSOVAKZDHECN-UHFFFAOYSA-N,PFE-PKIS 18,Q16539,MAPK14,p38-alpha,6.865012500000001
CS(C1=CC(CNC2=NC(NC3=CC=C(N(C(C)C)C(C4)=O)C4=C3)=NC=C2C(F)(F)F)=CC=C1)(=O)=O,OXZSOVAKZDHECN-UHFFFAOYSA-N,PFE-PKIS 18,P07949,RET,RET,6.269149999999997
CS(C1=CC(CNC2=NC(NC3=CC=C(N(C(C)C)C(C4)=O)C4=C3)=NC=C2C(F)(F)F)=CC=C1)(=O)=O,OXZSOVAKZDHECN-UHFFFAOYSA-N,PFE-PKIS 18,O14730,RIOK3,RIOK3,6.0486
CS(C1=CC(CNC2=NC(NC3=CC=C(N(C(C)C)C(C4)=O)C4=C3)=NC=C2C(F)(F)F)=CC=C1)(=O)=O,OXZSOVAKZDHECN-UHFFFAOYSA-N,PFE-PKIS 18,Q9H093,NUAK2,SNARK,6.595550000000002
CS(C1=CC(CNC2=NC(NC3=CC=C(N(C(C)C)C(C4)=O)C4=C3)=NC=C2C(F)(F)F)=CC=C1)(=O)=O,OXZSOVAKZDHECN-UHFFFAOYSA-N,PFE-PKIS 18,O75716,STK16,STK16,6.06285
CS(C1=CC(CNC2=NC(NC3=CC=C(N(C(C)C)C(C4)=O)C4=C3)=NC=C2C(F)(F)F)=CC=C1)(=O)=O,OXZSOVAKZDHECN-UHFFFAOYSA-N,PFE-PKIS 18,P43405,SYK,SYK,5.776649999999998
CS(C1=CC(CNC2=NC(NC3=CC=C(N(C(C)C)C(C4)=O)C4=C3)=NC=C2C(F)(F)F)=CC=C1)(=O)=O,OXZSOVAKZDHECN-UHFFFAOYSA-N,PFE-PKIS 18,Q9UHD2,TBK1,TBK1,6.4038
CS(C1=CC(CNC2=NC(NC3=CC=C(N(C(C)C)C(C4)=O)C4=C3)=NC=C2C(F)(F)F)=CC=C1)(=O)=O,OXZSOVAKZDHECN-UHFFFAOYSA-N,PFE-PKIS 18,P04629,NTRK1,TRKA,5.954050000000002
CS(C1=CC(CNC2=NC(NC3=CC=C(N(C(C)C)C(C4)=O)C4=C3)=NC=C2C(F)(F)F)=CC=C1)(=O)=O,OXZSOVAKZDHECN-UHFFFAOYSA-N,PFE-PKIS 18,Q16620,NTRK2,TRKB,6.010000000000002
CS(C1=CC(CNC2=NC(NC3=CC=C(N(C(C)C)C(C4)=O)C4=C3)=NC=C2C(F)(F)F)=CC=C1)(=O)=O,OXZSOVAKZDHECN-UHFFFAOYSA-N,PFE-PKIS 18,P33981,TTK,TTK,5.993000000000002
CS(C1=CC(CNC2=NC(NC3=CC=C(N(C(C)C)C(C4)=O)C4=C3)=NC=C2C(F)(F)F)=CC=C1)(=O)=O,OXZSOVAKZDHECN-UHFFFAOYSA-N,PFE-PKIS 18,P29597,TYK2,TYK2(JH1domain-catalytic),6.248700000000002
CS(C1=CC(CNC2=NC(NC3=CC=C(N(C(C)C)C(C4)=O)C4=C3)=NC=C2C(F)(F)F)=CC=C1)(=O)=O,OXZSOVAKZDHECN-UHFFFAOYSA-N,PFE-PKIS 18,Q56UN5,MAP3K19,YSK4,6.128650000000001
COc1cc(Nc2ncc3N(C)C(=O)C(F)(F)CN(C4CCCC4)c3n2)ccc1C(=O)NC5CCN(C)CC5,JMBATVPHKFZTAF-UHFFFAOYSA-N,TPKI-30,Q8NI60,CABC1,ADCK3,6.079100000000002
COc1cc(Nc2ncc3N(C)C(=O)C(F)(F)CN(C4CCCC4)c3n2)ccc1C(=O)NC5CCN(C)CC5,JMBATVPHKFZTAF-UHFFFAOYSA-N,TPKI-30,O14965,AURKA,AURKA,6.260800000000004
COc1cc(Nc2ncc3N(C)C(=O)C(F)(F)CN(C4CCCC4)c3n2)ccc1C(=O)NC5CCN(C)CC5,JMBATVPHKFZTAF-UHFFFAOYSA-N,TPKI-30,Q13873,BMPR2,BMPR2,6.200050000000001
COc1cc(Nc2ncc3N(C)C(=O)C(F)(F)CN(C4CCCC4)c3n2)ccc1C(=O)NC5CCN(C)CC5,JMBATVPHKFZTAF-UHFFFAOYSA-N,TPKI-30,P51813,BMX,BMX,6.112800000000001
COc1cc(Nc2ncc3N(C)C(=O)C(F)(F)CN(C4CCCC4)c3n2)ccc1C(=O)NC5CCN(C)CC5,JMBATVPHKFZTAF-UHFFFAOYSA-N,TPKI-30,P22607,FGFR3,FGFR3,6.3859000000000075
COc1cc(Nc2ncc3N(C)C(=O)C(F)(F)CN(C4CCCC4)c3n2)ccc1C(=O)NC5CCN(C)CC5,JMBATVPHKFZTAF-UHFFFAOYSA-N,TPKI-30,P52564,MAP2K6,MEK6,6.265400000000003
COc1cc(Nc2ncc3N(C)C(=O)C(F)(F)CN(C4CCCC4)c3n2)ccc1C(=O)NC5CCN(C)CC5,JMBATVPHKFZTAF-UHFFFAOYSA-N,TPKI-30,Q9Y6E0,STK24,MST3,6.461149999999999
COc1cc(Nc2ncc3N(C)C(=O)C(F)(F)CN(C4CCCC4)c3n2)ccc1C(=O)NC5CCN(C)CC5,JMBATVPHKFZTAF-UHFFFAOYSA-N,TPKI-30,Q96PY6,NEK1,NEK1,6.176300000000002
COc1cc(Nc2ncc3N(C)C(=O)C(F)(F)CN(C4CCCC4)c3n2)ccc1C(=O)NC5CCN(C)CC5,JMBATVPHKFZTAF-UHFFFAOYSA-N,TPKI-30,Q8IY84,MGC42105,NIM1,6.2669
COc1cc(Nc2ncc3N(C)C(=O)C(F)(F)CN(C4CCCC4)c3n2)ccc1C(=O)NC5CCN(C)CC5,JMBATVPHKFZTAF-UHFFFAOYSA-N,TPKI-30,Q8TBX8,PIP4K2C,PIP5K2C,5.908499999999998
COc1cc(Nc2ncc3N(C)C(=O)C(F)(F)CN(C4CCCC4)c3n2)ccc1C(=O)NC5CCN(C)CC5,JMBATVPHKFZTAF-UHFFFAOYSA-N,TPKI-30,P53350,PLK1,PLK1,6.285149999999998
COc1cc(Nc2ncc3N(C)C(=O)C(F)(F)CN(C4CCCC4)c3n2)ccc1C(=O)NC5CCN(C)CC5,JMBATVPHKFZTAF-UHFFFAOYSA-N,TPKI-30,Q9NYY3,PLK2,PLK2,6.2099
COc1cc(Nc2ncc3N(C)C(=O)C(F)(F)CN(C4CCCC4)c3n2)ccc1C(=O)NC5CCN(C)CC5,JMBATVPHKFZTAF-UHFFFAOYSA-N,TPKI-30,Q9H4B4,PLK3,PLK3,7.305849999999997
COc1cc(Nc2ncc3N(C)C(=O)C(F)(F)CN(C4CCCC4)c3n2)ccc1C(=O)NC5CCN(C)CC5,JMBATVPHKFZTAF-UHFFFAOYSA-N,TPKI-30,Q9H2G2,SLK,SLK,6.9984500000000045
COc1cc(Nc2ncc3N(C)C(=O)C(F)(F)CN(C4CCCC4)c3n2)ccc1C(=O)NC5CCN(C)CC5,JMBATVPHKFZTAF-UHFFFAOYSA-N,TPKI-30,O75716,STK16,STK16,7.624799999999994
COc1cc(Nc2ncc3N(C)C(=O)C(F)(F)CN(C4CCCC4)c3n2)ccc1C(=O)NC5CCN(C)CC5,JMBATVPHKFZTAF-UHFFFAOYSA-N,TPKI-30,O00506,STK25,YSK1,6.7554500000000015
CN1CCC(CC1)NC(=O)c2ccc(Nc3ncc4N(C)C(=O)C(F)(F)CN(C5CCCC5)c4n3)cc2C,WQQPBXGJFFKXKX-UHFFFAOYSA-N,TPKI-31,O14965,AURKA,AURKA,6.611050000000001
CN1CCC(CC1)NC(=O)c2ccc(Nc3ncc4N(C)C(=O)C(F)(F)CN(C5CCCC5)c4n3)cc2C,WQQPBXGJFFKXKX-UHFFFAOYSA-N,TPKI-31,Q9NSY1,BMP2K,BIKE,5.487650000000003
CN1CCC(CC1)NC(=O)c2ccc(Nc3ncc4N(C)C(=O)C(F)(F)CN(C5CCCC5)c4n3)cc2C,WQQPBXGJFFKXKX-UHFFFAOYSA-N,TPKI-31,P49760,CLK2,CLK2,6.178649999999999
CN1CCC(CC1)NC(=O)c2ccc(Nc3ncc4N(C)C(=O)C(F)(F)CN(C5CCCC5)c4n3)cc2C,WQQPBXGJFFKXKX-UHFFFAOYSA-N,TPKI-31,Q9C098,DCLK3,DCAMKL3,5.644224999999999
CN1CCC(CC1)NC(=O)c2ccc(Nc3ncc4N(C)C(=O)C(F)(F)CN(C5CCCC5)c4n3)cc2C,WQQPBXGJFFKXKX-UHFFFAOYSA-N,TPKI-31,O14976,GAK,GAK,6.844150000000002
CN1CCC(CC1)NC(=O)c2ccc(Nc3ncc4N(C)C(=O)C(F)(F)CN(C5CCCC5)c4n3)cc2C,WQQPBXGJFFKXKX-UHFFFAOYSA-N,TPKI-31,Q9P2K8,EIF2AK4,"GCN2(Kin.Dom.2,S808G)",6.756900000000002
CN1CCC(CC1)NC(=O)c2ccc(Nc3ncc4N(C)C(=O)C(F)(F)CN(C5CCCC5)c4n3)cc2C,WQQPBXGJFFKXKX-UHFFFAOYSA-N,TPKI-31,P51617,IRAK1,IRAK1,6.891950000000003
CN1CCC(CC1)NC(=O)c2ccc(Nc3ncc4N(C)C(=O)C(F)(F)CN(C5CCCC5)c4n3)cc2C,WQQPBXGJFFKXKX-UHFFFAOYSA-N,TPKI-31,P23458,JAK1,JAK1(JH2domain-pseudokinase),6.6242000000000045
CN1CCC(CC1)NC(=O)c2ccc(Nc3ncc4N(C)C(=O)C(F)(F)CN(C5CCCC5)c4n3)cc2C,WQQPBXGJFFKXKX-UHFFFAOYSA-N,TPKI-31,Q9Y6R4,MAP3K4,MAP3K4,6.515050000000006
CN1CCC(CC1)NC(=O)c2ccc(Nc3ncc4N(C)C(=O)C(F)(F)CN(C5CCCC5)c4n3)cc2C,WQQPBXGJFFKXKX-UHFFFAOYSA-N,TPKI-31,P08581,MET,MET,6.534200000000003
CN1CCC(CC1)NC(=O)c2ccc(Nc3ncc4N(C)C(=O)C(F)(F)CN(C5CCCC5)c4n3)cc2C,WQQPBXGJFFKXKX-UHFFFAOYSA-N,TPKI-31,Q8IY84,MGC42105,NIM1,6.931450000000003
CN1CCC(CC1)NC(=O)c2ccc(Nc3ncc4N(C)C(=O)C(F)(F)CN(C5CCCC5)c4n3)cc2C,WQQPBXGJFFKXKX-UHFFFAOYSA-N,TPKI-31,P48736,PIK3CG,PIK3CG,7.1442
CN1CCC(CC1)NC(=O)c2ccc(Nc3ncc4N(C)C(=O)C(F)(F)CN(C5CCCC5)c4n3)cc2C,WQQPBXGJFFKXKX-UHFFFAOYSA-N,TPKI-31,Q8TBX8,PIP4K2C,PIP5K2C,7.541999999999998
CN1CCC(CC1)NC(=O)c2ccc(Nc3ncc4N(C)C(=O)C(F)(F)CN(C5CCCC5)c4n3)cc2C,WQQPBXGJFFKXKX-UHFFFAOYSA-N,TPKI-31,P53350,PLK1,PLK1,7.971799999999994
CN1CCC(CC1)NC(=O)c2ccc(Nc3ncc4N(C)C(=O)C(F)(F)CN(C5CCCC5)c4n3)cc2C,WQQPBXGJFFKXKX-UHFFFAOYSA-N,TPKI-31,Q9NYY3,PLK2,PLK2,6.658033333333334
CN1CCC(CC1)NC(=O)c2ccc(Nc3ncc4N(C)C(=O)C(F)(F)CN(C5CCCC5)c4n3)cc2C,WQQPBXGJFFKXKX-UHFFFAOYSA-N,TPKI-31,Q9H4B4,PLK3,PLK3,7.2637
CN1CCC(CC1)NC(=O)c2ccc(Nc3ncc4N(C)C(=O)C(F)(F)CN(C5CCCC5)c4n3)cc2C,WQQPBXGJFFKXKX-UHFFFAOYSA-N,TPKI-31,Q9BRS2,RIOK1,RIOK1,7.107100000000002
CN1CCC(CC1)NC(=O)c2ccc(Nc3ncc4N(C)C(=O)C(F)(F)CN(C5CCCC5)c4n3)cc2C,WQQPBXGJFFKXKX-UHFFFAOYSA-N,TPKI-31,O14730,RIOK3,RIOK3,7.926599999999988
CN1CCC(CC1)NC(=O)c2ccc(Nc3ncc4N(C)C(=O)C(F)(F)CN(C5CCCC5)c4n3)cc2C,WQQPBXGJFFKXKX-UHFFFAOYSA-N,TPKI-31,Q9H2G2,SLK,SLK,6.927000000000003
CN1CCC(CC1)NC(=O)c2ccc(Nc3ncc4N(C)C(=O)C(F)(F)CN(C5CCCC5)c4n3)cc2C,WQQPBXGJFFKXKX-UHFFFAOYSA-N,TPKI-31,O75716,STK16,STK16,7.1997
CN1CCC(CC1)NC(=O)c2ccc(Nc3ncc4N(C)C(=O)C(F)(F)CN(C5CCCC5)c4n3)cc2C,WQQPBXGJFFKXKX-UHFFFAOYSA-N,TPKI-31,P29597,TYK2,TYK2(JH1domain-catalytic),6.887853333333332
CN1CCC(CC1)NC(=O)c2ccc(Nc3ncc4N(C)C(=O)C(F)(F)CN(C5CCCC5)c4n3)cc2C,WQQPBXGJFFKXKX-UHFFFAOYSA-N,TPKI-31,Q56UN5,MAP3K19,YSK4,7.0162
CC1=CC(=NN1C1=CC=CC=C1)C(=O)NC1=CC=C(OC2=NN3C=C(NC(=O)C4CC4)N=C3C=C2)C=C1,MZTUKIVBKFNLSN-UHFFFAOYSA-N,TPKI-35,P00519,ABL1,ABL1-phosphorylated,7.242800000000002
CC1=CC(=NN1C1=CC=CC=C1)C(=O)NC1=CC=C(OC2=NN3C=C(NC(=O)C4CC4)N=C3C=C2)C=C1,MZTUKIVBKFNLSN-UHFFFAOYSA-N,TPKI-35,P42684,ABL2,ABL2,6.9426
CC1=CC(=NN1C1=CC=CC=C1)C(=O)NC1=CC=C(OC2=NN3C=C(NC(=O)C4CC4)N=C3C=C2)C=C1,MZTUKIVBKFNLSN-UHFFFAOYSA-N,TPKI-35,Q92772,CDKL2,CDKL2,7.040020000000003
CC1=CC(=NN1C1=CC=CC=C1)C(=O)NC1=CC=C(OC2=NN3C=C(NC(=O)C4CC4)N=C3C=C2)C=C1,MZTUKIVBKFNLSN-UHFFFAOYSA-N,TPKI-35,P07333,CSF1R,CSF1R,6.73842
CC1=CC(=NN1C1=CC=CC=C1)C(=O)NC1=CC=C(OC2=NN3C=C(NC(=O)C4CC4)N=C3C=C2)C=C1,MZTUKIVBKFNLSN-UHFFFAOYSA-N,TPKI-35,Q08345,DDR1,DDR1,6.759970000000006
CC1=CC(=NN1C1=CC=CC=C1)C(=O)NC1=CC=C(OC2=NN3C=C(NC(=O)C4CC4)N=C3C=C2)C=C1,MZTUKIVBKFNLSN-UHFFFAOYSA-N,TPKI-35,Q16832,DDR2,DDR2,6.649174999999999
CC1=CC(=NN1C1=CC=CC=C1)C(=O)NC1=CC=C(OC2=NN3C=C(NC(=O)C4CC4)N=C3C=C2)C=C1,MZTUKIVBKFNLSN-UHFFFAOYSA-N,TPKI-35,O15197,EPHB6,EPHB6,6.619283333333335
CC1=CC(=NN1C1=CC=CC=C1)C(=O)NC1=CC=C(OC2=NN3C=C(NC(=O)C4CC4)N=C3C=C2)C=C1,MZTUKIVBKFNLSN-UHFFFAOYSA-N,TPKI-35,P21860,ERBB3,ERBB3,6.8065500000000005
CC1=CC(=NN1C1=CC=CC=C1)C(=O)NC1=CC=C(OC2=NN3C=C(NC(=O)C4CC4)N=C3C=C2)C=C1,MZTUKIVBKFNLSN-UHFFFAOYSA-N,TPKI-35,P17948,FLT1,FLT1,7.058050000000001
CC1=CC(=NN1C1=CC=CC=C1)C(=O)NC1=CC=C(OC2=NN3C=C(NC(=O)C4CC4)N=C3C=C2)C=C1,MZTUKIVBKFNLSN-UHFFFAOYSA-N,TPKI-35,P36888,FLT3,FLT3,6.903987500000003
CC1=CC(=NN1C1=CC=CC=C1)C(=O)NC1=CC=C(OC2=NN3C=C(NC(=O)C4CC4)N=C3C=C2)C=C1,MZTUKIVBKFNLSN-UHFFFAOYSA-N,TPKI-35,P35916,FLT4,FLT4,6.9920999999999935
CC1=CC(=NN1C1=CC=CC=C1)C(=O)NC1=CC=C(OC2=NN3C=C(NC(=O)C4CC4)N=C3C=C2)C=C1,MZTUKIVBKFNLSN-UHFFFAOYSA-N,TPKI-35,P10721,KIT,KIT,6.700316666666668
CC1=CC(=NN1C1=CC=CC=C1)C(=O)NC1=CC=C(OC2=NN3C=C(NC(=O)C4CC4)N=C3C=C2)C=C1,MZTUKIVBKFNLSN-UHFFFAOYSA-N,TPKI-35,P06239,LCK,LCK,6.430550000000002
CC1=CC(=NN1C1=CC=CC=C1)C(=O)NC1=CC=C(OC2=NN3C=C(NC(=O)C4CC4)N=C3C=C2)C=C1,MZTUKIVBKFNLSN-UHFFFAOYSA-N,TPKI-35,O94804,STK10,LOK,6.491150000000005
CC1=CC(=NN1C1=CC=CC=C1)C(=O)NC1=CC=C(OC2=NN3C=C(NC(=O)C4CC4)N=C3C=C2)C=C1,MZTUKIVBKFNLSN-UHFFFAOYSA-N,TPKI-35,Q13163,MAP2K5,MEK5,6.889850000000004
CC1=CC(=NN1C1=CC=CC=C1)C(=O)NC1=CC=C(OC2=NN3C=C(NC(=O)C4CC4)N=C3C=C2)C=C1,MZTUKIVBKFNLSN-UHFFFAOYSA-N,TPKI-35,Q12866,MERTK,MERTK,7.044070000000002
CC1=CC(=NN1C1=CC=CC=C1)C(=O)NC1=CC=C(OC2=NN3C=C(NC(=O)C4CC4)N=C3C=C2)C=C1,MZTUKIVBKFNLSN-UHFFFAOYSA-N,TPKI-35,P08581,MET,MET,7.030349999999998
CC1=CC(=NN1C1=CC=CC=C1)C(=O)NC1=CC=C(OC2=NN3C=C(NC(=O)C4CC4)N=C3C=C2)C=C1,MZTUKIVBKFNLSN-UHFFFAOYSA-N,TPKI-35,P16234,PDGFRA,PDGFRA,6.990650000000003
CC1=CC(=NN1C1=CC=CC=C1)C(=O)NC1=CC=C(OC2=NN3C=C(NC(=O)C4CC4)N=C3C=C2)C=C1,MZTUKIVBKFNLSN-UHFFFAOYSA-N,TPKI-35,P09619,PDGFRB,PDGFRB,7.311612499999996
CC1=CC(=NN1C1=CC=CC=C1)C(=O)NC1=CC=C(OC2=NN3C=C(NC(=O)C4CC4)N=C3C=C2)C=C1,MZTUKIVBKFNLSN-UHFFFAOYSA-N,TPKI-35,P07949,RET,RET,6.638100000000001
CC1=CC(=NN1C1=CC=CC=C1)C(=O)NC1=CC=C(OC2=NN3C=C(NC(=O)C4CC4)N=C3C=C2)C=C1,MZTUKIVBKFNLSN-UHFFFAOYSA-N,TPKI-35,P35590,TIE1,TIE1,6.7735
CC1=CC(=NN1C1=CC=CC=C1)C(=O)NC1=CC=C(OC2=NN3C=C(NC(=O)C4CC4)N=C3C=C2)C=C1,MZTUKIVBKFNLSN-UHFFFAOYSA-N,TPKI-35,P04629,NTRK1,TRKA,6.7248
NC1=C(C2=CC=C(NC(NC3=CC=CC(C)=C3)=O)C=C2)C=NC4=C(Br)C=NN41,GXRCQVMXTRWVSJ-UHFFFAOYSA-N,AKI00000050a,P51451,BLK,BLK,7.414650000000006
NC1=C(C2=CC=C(NC(NC3=CC=CC(C)=C3)=O)C=C2)C=NC4=C(Br)C=NN41,GXRCQVMXTRWVSJ-UHFFFAOYSA-N,AKI00000050a,Q6P2M8,PNCK,CAMK1B,6.371400000000002
NC1=C(C2=CC=C(NC(NC3=CC=CC(C)=C3)=O)C=C2)C=NC4=C(Br)C=NN41,GXRCQVMXTRWVSJ-UHFFFAOYSA-N,AKI00000050a,P07333,CSF1R,CSF1R,6.286250000000001
NC1=C(C2=CC=C(NC(NC3=CC=CC(C)=C3)=O)C=C2)C=NC4=C(Br)C=NN41,GXRCQVMXTRWVSJ-UHFFFAOYSA-N,AKI00000050a,P48729,CSNK1A1,CSNK1A1,6.510533333333335
NC1=C(C2=CC=C(NC(NC3=CC=CC(C)=C3)=O)C=C2)C=NC4=C(Br)C=NN41,GXRCQVMXTRWVSJ-UHFFFAOYSA-N,AKI00000050a,P48730,CSNK1D,CSNK1D,6.421233333333333
NC1=C(C2=CC=C(NC(NC3=CC=CC(C)=C3)=O)C=C2)C=NC4=C(Br)C=NN41,GXRCQVMXTRWVSJ-UHFFFAOYSA-N,AKI00000050a,P49674,CSNK1E,CSNK1E,6.75895
NC1=C(C2=CC=C(NC(NC3=CC=CC(C)=C3)=O)C=C2)C=NC4=C(Br)C=NN41,GXRCQVMXTRWVSJ-UHFFFAOYSA-N,AKI00000050a,Q9C098,DCLK3,DCAMKL3,6.409474999999999
NC1=C(C2=CC=C(NC(NC3=CC=CC(C)=C3)=O)C=C2)C=NC4=C(Br)C=NN41,GXRCQVMXTRWVSJ-UHFFFAOYSA-N,AKI00000050a,Q08345,DDR1,DDR1,6.960049999999999
NC1=C(C2=CC=C(NC(NC3=CC=CC(C)=C3)=O)C=C2)C=NC4=C(Br)C=NN41,GXRCQVMXTRWVSJ-UHFFFAOYSA-N,AKI00000050a,Q16832,DDR2,DDR2,6.428599999999998
NC1=C(C2=CC=C(NC(NC3=CC=CC(C)=C3)=O)C=C2)C=NC4=C(Br)C=NN41,GXRCQVMXTRWVSJ-UHFFFAOYSA-N,AKI00000050a,Q9Y463,DYRK1B,DYRK1B,6.572349999999999
NC1=C(C2=CC=C(NC(NC3=CC=CC(C)=C3)=O)C=C2)C=NC4=C(Br)C=NN41,GXRCQVMXTRWVSJ-UHFFFAOYSA-N,AKI00000050a,O15197,EPHB6,EPHB6,6.376049999999999
NC1=C(C2=CC=C(NC(NC3=CC=CC(C)=C3)=O)C=C2)C=NC4=C(Br)C=NN41,GXRCQVMXTRWVSJ-UHFFFAOYSA-N,AKI00000050a,P36888,FLT3,FLT3,6.782049999999998
NC1=C(C2=CC=C(NC(NC3=CC=CC(C)=C3)=O)C=C2)C=NC4=C(Br)C=NN41,GXRCQVMXTRWVSJ-UHFFFAOYSA-N,AKI00000050a,P35916,FLT4,FLT4,6.859600000000001
NC1=C(C2=CC=C(NC(NC3=CC=CC(C)=C3)=O)C=C2)C=NC4=C(Br)C=NN41,GXRCQVMXTRWVSJ-UHFFFAOYSA-N,AKI00000050a,P25098,ADRBK1,GRK2,6.0088000000000035
NC1=C(C2=CC=C(NC(NC3=CC=CC(C)=C3)=O)C=C2)C=NC4=C(Br)C=NN41,GXRCQVMXTRWVSJ-UHFFFAOYSA-N,AKI00000050a,P10721,KIT,KIT,7.0062999999999995
NC1=C(C2=CC=C(NC(NC3=CC=CC(C)=C3)=O)C=C2)C=NC4=C(Br)C=NN41,GXRCQVMXTRWVSJ-UHFFFAOYSA-N,AKI00000050a,P06239,LCK,LCK,6.627266666666669
NC1=C(C2=CC=C(NC(NC3=CC=CC(C)=C3)=O)C=C2)C=NC4=C(Br)C=NN41,GXRCQVMXTRWVSJ-UHFFFAOYSA-N,AKI00000050a,P49137,MAPKAPK2,MAPKAPK2,6.455103333333332
NC1=C(C2=CC=C(NC(NC3=CC=CC(C)=C3)=O)C=C2)C=NC4=C(Br)C=NN41,GXRCQVMXTRWVSJ-UHFFFAOYSA-N,AKI00000050a,Q13163,MAP2K5,MEK5,6.670416666666667
NC1=C(C2=CC=C(NC(NC3=CC=CC(C)=C3)=O)C=C2)C=NC4=C(Br)C=NN41,GXRCQVMXTRWVSJ-UHFFFAOYSA-N,AKI00000050a,Q9H1R3,MYLK2,MYLK2,6.513566666666665
NC1=C(C2=CC=C(NC(NC3=CC=CC(C)=C3)=O)C=C2)C=NC4=C(Br)C=NN41,GXRCQVMXTRWVSJ-UHFFFAOYSA-N,AKI00000050a,P16234,PDGFRA,PDGFRA,6.693599999999999
NC1=C(C2=CC=C(NC(NC3=CC=CC(C)=C3)=O)C=C2)C=NC4=C(Br)C=NN41,GXRCQVMXTRWVSJ-UHFFFAOYSA-N,AKI00000050a,P09619,PDGFRB,PDGFRB,6.817333333333334
NC1=C(C2=CC=C(NC(NC3=CC=CC(C)=C3)=O)C=C2)C=NC4=C(Br)C=NN41,GXRCQVMXTRWVSJ-UHFFFAOYSA-N,AKI00000050a,P07949,RET,RET,6.8013
NC1=C(C2=CC=C(NC(NC3=CC=CC(C)=C3)=O)C=C2)C=NC4=C(Br)C=NN41,GXRCQVMXTRWVSJ-UHFFFAOYSA-N,AKI00000050a,O00141,SGK1,SGK,6.6139
NC1=C(C2=CC=C(NC(NC3=CC=CC(C)=C3)=O)C=C2)C=NC4=C(Br)C=NN41,GXRCQVMXTRWVSJ-UHFFFAOYSA-N,AKI00000050a,Q16288,NTRK3,TRKC,6.606700000000001
NC1=C(C2=CC=C(NC(NC3=CC=CC(C)=C3)=O)C=C2)C=NC4=C(Br)C=NN41,GXRCQVMXTRWVSJ-UHFFFAOYSA-N,AKI00000050a,P35968,KDR,VEGFR2,6.8044
CC1=CC=CC(C2=C(N(C=CN=C3)C3=N2)C4=CC=NC(NC5CCCCC5)=N4)=C1,WVTJDZKJXWDTPS-UHFFFAOYSA-N,AKI00000063a,Q8NI60,CABC1,ADCK3,6.247500000000001
CC1=CC=CC(C2=C(N(C=CN=C3)C3=N2)C4=CC=NC(NC5CCCCC5)=N4)=C1,WVTJDZKJXWDTPS-UHFFFAOYSA-N,AKI00000063a,O43683,BUB1,BUB1,6.459046666666669
CC1=CC=CC(C2=C(N(C=CN=C3)C3=N2)C4=CC=NC(NC5CCCCC5)=N4)=C1,WVTJDZKJXWDTPS-UHFFFAOYSA-N,AKI00000063a,Q6P2M8,PNCK,CAMK1B,6.280050000000004
CC1=CC=CC(C2=C(N(C=CN=C3)C3=N2)C4=CC=NC(NC5CCCCC5)=N4)=C1,WVTJDZKJXWDTPS-UHFFFAOYSA-N,AKI00000063a,P48730,CSNK1D,CSNK1D,6.2447833333333325
CC1=CC=CC(C2=C(N(C=CN=C3)C3=N2)C4=CC=NC(NC5CCCCC5)=N4)=C1,WVTJDZKJXWDTPS-UHFFFAOYSA-N,AKI00000063a,P49674,CSNK1E,CSNK1E,6.303460000000001
CC1=CC=CC(C2=C(N(C=CN=C3)C3=N2)C4=CC=NC(NC5CCCCC5)=N4)=C1,WVTJDZKJXWDTPS-UHFFFAOYSA-N,AKI00000063a,O14976,GAK,GAK,6.57
CC1=CC=CC(C2=C(N(C=CN=C3)C3=N2)C4=CC=NC(NC5CCCCC5)=N4)=C1,WVTJDZKJXWDTPS-UHFFFAOYSA-N,AKI00000063a,P45983,MAPK8,JNK1,6.681950000000003
CC1=CC=CC(C2=C(N(C=CN=C3)C3=N2)C4=CC=NC(NC5CCCCC5)=N4)=C1,WVTJDZKJXWDTPS-UHFFFAOYSA-N,AKI00000063a,P45984,MAPK9,JNK2,7.1102000000000025
CC1=CC=CC(C2=C(N(C=CN=C3)C3=N2)C4=CC=NC(NC5CCCCC5)=N4)=C1,WVTJDZKJXWDTPS-UHFFFAOYSA-N,AKI00000063a,P53779,MAPK10,JNK3,6.116799999999997
CC1=CC=CC(C2=C(N(C=CN=C3)C3=N2)C4=CC=NC(NC5CCCCC5)=N4)=C1,WVTJDZKJXWDTPS-UHFFFAOYSA-N,AKI00000063a,P45985,MAP2K4,MEK4,6.1737
CC1=CC=CC(C2=C(N(C=CN=C3)C3=N2)C4=CC=NC(NC5CCCCC5)=N4)=C1,WVTJDZKJXWDTPS-UHFFFAOYSA-N,AKI00000063a,Q9UBE8,NLK,NLK,6.299849999999999
CC1=CC=CC(C2=C(N(C=CN=C3)C3=N2)C4=CC=NC(NC5CCCCC5)=N4)=C1,WVTJDZKJXWDTPS-UHFFFAOYSA-N,AKI00000063a,Q16539,MAPK14,p38-alpha,6.395050000000001
CC1=CC=CC(C2=C(N(C=CN=C3)C3=N2)C4=CC=NC(NC5CCCCC5)=N4)=C1,WVTJDZKJXWDTPS-UHFFFAOYSA-N,AKI00000063a,Q15759,MAPK11,p38-beta,6.432800000000001
CC1=CC=CC(C2=C(N(C=CN=C3)C3=N2)C4=CC=NC(NC5CCCCC5)=N4)=C1,WVTJDZKJXWDTPS-UHFFFAOYSA-N,AKI00000063a,Q9BZL6,PRKD2,PRKD2,6.512000000000001
CC1=CC=CC(C2=C(N(C=CN=C3)C3=N2)C4=CC=NC(NC5CCCCC5)=N4)=C1,WVTJDZKJXWDTPS-UHFFFAOYSA-N,AKI00000063a,Q15418,RPS6KA1,RSK1(Kin.Dom.2-C-terminal),6.5790999999999995
CC1=CC=CC(C2=C(N(C=CN=C3)C3=N2)C4=CC=NC(NC5CCCCC5)=N4)=C1,WVTJDZKJXWDTPS-UHFFFAOYSA-N,AKI00000063a,Q9UK32,RPS6KA6,RSK4(Kin.Dom.2-C-terminal),5.799099999999999
CC1=CC=CC(C2=C(N(C=CN=C3)C3=N2)C4=CC=NC(NC5CCCCC5)=N4)=C1,WVTJDZKJXWDTPS-UHFFFAOYSA-N,AKI00000063a,Q9NRP7,STK36,STK36,6.40075
CC1=CC=CC(C2=C(N(C=CN=C3)C3=N2)C4=CC=NC(NC5CCCCC5)=N4)=C1,WVTJDZKJXWDTPS-UHFFFAOYSA-N,AKI00000063a,Q9NYL2,ZAK,ZAK,6.392249999999999
O=C(NC1=C2C(C(F)=CC=C2)=NC=C1)NC3=NC=CN=C3,NSDIHUXUFJHXRA-UHFFFAOYSA-N,AKI00000070a,P11802,CDK4,CDK4-cyclinD1,6.254
O=C(NC1=C2C(C(F)=CC=C2)=NC=C1)NC3=NC=CN=C3,NSDIHUXUFJHXRA-UHFFFAOYSA-N,AKI00000070a,P11802,CDK4,CDK4-cyclinD3,6.319
O=C(NC1=C2C(C(F)=CC=C2)=NC=C1)NC3=NC=CN=C3,NSDIHUXUFJHXRA-UHFFFAOYSA-N,AKI00000070a,P50613,CDK7,CDK7,5.869700000000003
O=C(NC1=C2C(C(F)=CC=C2)=NC=C1)NC3=NC=CN=C3,NSDIHUXUFJHXRA-UHFFFAOYSA-N,AKI00000070a,O76039,CDKL5,CDKL5,7.7842600000000095
O=C(NC1=C2C(C(F)=CC=C2)=NC=C1)NC3=NC=CN=C3,NSDIHUXUFJHXRA-UHFFFAOYSA-N,AKI00000070a,P48729,CSNK1A1,CSNK1A1,7.169450000000009
O=C(NC1=C2C(C(F)=CC=C2)=NC=C1)NC3=NC=CN=C3,NSDIHUXUFJHXRA-UHFFFAOYSA-N,AKI00000070a,P19784,CSNK2A2,CSNK2A2,7.091483333333335
O=C(NC1=C2C(C(F)=CC=C2)=NC=C1)NC3=NC=CN=C3,NSDIHUXUFJHXRA-UHFFFAOYSA-N,AKI00000070a,Q13627,DYRK1A,DYRK1A,6.8395
O=C(NC1=C2C(C(F)=CC=C2)=NC=C1)NC3=NC=CN=C3,NSDIHUXUFJHXRA-UHFFFAOYSA-N,AKI00000070a,Q8TD08,MAPK15,ERK8,7.140650000000002
O=C(NC1=C2C(C(F)=CC=C2)=NC=C1)NC3=NC=CN=C3,NSDIHUXUFJHXRA-UHFFFAOYSA-N,AKI00000070a,P49840,GSK3A,GSK3A,6.716800000000004
O=C(NC1=C2C(C(F)=CC=C2)=NC=C1)NC3=NC=CN=C3,NSDIHUXUFJHXRA-UHFFFAOYSA-N,AKI00000070a,P49841,GSK3B,GSK3B,6.0159
O=C(NC1=C2C(C(F)=CC=C2)=NC=C1)NC3=NC=CN=C3,NSDIHUXUFJHXRA-UHFFFAOYSA-N,AKI00000070a,Q86Z02,HIPK1,HIPK1,6.70395
O=C(NC1=C2C(C(F)=CC=C2)=NC=C1)NC3=NC=CN=C3,NSDIHUXUFJHXRA-UHFFFAOYSA-N,AKI00000070a,Q9Y6R4,MAP3K4,MAP3K4,6.420800000000001
O=C(NC1=C2C(C(F)=CC=C2)=NC=C1)NC3=NC=CN=C3,NSDIHUXUFJHXRA-UHFFFAOYSA-N,AKI00000070a,Q9NRP7,STK36,STK36,6.133850000000003
O=C(NC1=C2C(C(F)=CC=C2)=NC=C1)NC3=NC=CN=C3,NSDIHUXUFJHXRA-UHFFFAOYSA-N,AKI00000070a,P37173,TGFBR2,TGFBR2,6.498550000000007
O=C(NC1=C2C(C(F)=CC=C2)=NC=C1)NC3=NC=CN=C3,NSDIHUXUFJHXRA-UHFFFAOYSA-N,AKI00000070a,P29597,TYK2,TYK2(JH2domain-pseudokinase),5.91575
O=C(NC1=C2C(C(F)=CC=C2)=NC=C1)NC3=NC=CN=C3,NSDIHUXUFJHXRA-UHFFFAOYSA-N,AKI00000070a,Q56UN5,MAP3K19,YSK4,6.687400000000001
OC(C1=CC2=C(C3=CC(C4=CC=CC=C4)=CC=C3)C=NC=C2S1)=O,FHBDMVQPDQSYLR-UHFFFAOYSA-N,AKI00000074a,Q9BWU1,CDK19,CDK11,6.541899999999999
OC(C1=CC2=C(C3=CC(C4=CC=CC=C4)=CC=C3)C=NC=C2S1)=O,FHBDMVQPDQSYLR-UHFFFAOYSA-N,AKI00000074a,P49336,CDK8,CDK8,6.370299999999998
OC(C1=CC2=C(C3=CC(C4=CC=CC=C4)=CC=C3)C=NC=C2S1)=O,FHBDMVQPDQSYLR-UHFFFAOYSA-N,AKI00000074a,P53355,DAPK1,DAPK1,6.406670000000002
OC(C1=CC2=C(C3=CC(C4=CC=CC=C4)=CC=C3)C=NC=C2S1)=O,FHBDMVQPDQSYLR-UHFFFAOYSA-N,AKI00000074a,Q9UIK4,DAPK2,DAPK2,6.4952166666666695
OC(C1=CC2=C(C3=CC(C4=CC=CC=C4)=CC=C3)C=NC=C2S1)=O,FHBDMVQPDQSYLR-UHFFFAOYSA-N,AKI00000074a,O43293,DAPK3,DAPK3,6.5505499999999985
OC(C1=CC2=C(C3=CC(C4=CC=CC=C4)=CC=C3)C=NC=C2S1)=O,FHBDMVQPDQSYLR-UHFFFAOYSA-N,AKI00000074a,Q86Z02,HIPK1,HIPK1,6.219949999999998
OC(C1=CC2=C(C3=CC(C4=CC=CC=C4)=CC=C3)C=NC=C2S1)=O,FHBDMVQPDQSYLR-UHFFFAOYSA-N,AKI00000074a,Q9H2X6,HIPK2,HIPK2,6.226989999999998
OC(C1=CC2=C(C3=CC(C4=CC=CC=C4)=CC=C3)C=NC=C2S1)=O,FHBDMVQPDQSYLR-UHFFFAOYSA-N,AKI00000074a,Q9H422,HIPK3,HIPK3,6.476449999999999
OC(C1=CC2=C(C3=CC(C4=CC=CC=C4)=CC=C3)C=NC=C2S1)=O,FHBDMVQPDQSYLR-UHFFFAOYSA-N,AKI00000074a,Q8NE63,HIPK4,HIPK4,6.285999999999999
OC(C1=CC2=C(C3=CC(C4=CC=CC=C4)=CC=C3)C=NC=C2S1)=O,FHBDMVQPDQSYLR-UHFFFAOYSA-N,AKI00000074a,Q13163,MAP2K5,MEK5,6.51164
OC(C1=CC2=C(C3=CC(C4=CC=CC=C4)=CC=C3)C=NC=C2S1)=O,FHBDMVQPDQSYLR-UHFFFAOYSA-N,AKI00000074a,Q9Y2I7,PIKFYVE,PIKFYVE,6.342100000000001
O=C1C2=C(C(C3=CC=CC=N3)=NN1C4=C(Cl)C=NC=C4Cl)N=C(NC5=CC=C(N6CCN(C)CC6)C=C5)N=C2,BYOVZPSNQRPTQJ-UHFFFAOYSA-N,AKI00000021a,Q08345,DDR1,DDR1,6.425733333333335
O=C1C2=C(C(C3=CC=CC=N3)=NN1C4=C(Cl)C=NC=C4Cl)N=C(NC5=CC=C(N6CCN(C)CC6)C=C5)N=C2,BYOVZPSNQRPTQJ-UHFFFAOYSA-N,AKI00000021a,Q16832,DDR2,DDR2,6.361583333333334
O=C1C2=C(C(C3=CC=CC=N3)=NN1C4=C(Cl)C=NC=C4Cl)N=C(NC5=CC=C(N6CCN(C)CC6)C=C5)N=C2,BYOVZPSNQRPTQJ-UHFFFAOYSA-N,AKI00000021a,Q9P2K8,EIF2AK4,"GCN2(Kin.Dom.2,S808G)",7.132774999999998
O=C1C2=C(C(C3=CC=CC=N3)=NN1C4=C(Cl)C=NC=C4Cl)N=C(NC5=CC=C(N6CCN(C)CC6)C=C5)N=C2,BYOVZPSNQRPTQJ-UHFFFAOYSA-N,AKI00000021a,O60674,JAK2,JAK2(JH1domain-catalytic),6.323150000000001
O=C1C2=C(C(C3=CC=CC=N3)=NN1C4=C(Cl)C=NC=C4Cl)N=C(NC5=CC=C(N6CCN(C)CC6)C=C5)N=C2,BYOVZPSNQRPTQJ-UHFFFAOYSA-N,AKI00000021a,P52333,JAK3,JAK3(JH1domain-catalytic),6.8892999999999995
O=C1C2=C(C(C3=CC=CC=N3)=NN1C4=C(Cl)C=NC=C4Cl)N=C(NC5=CC=C(N6CCN(C)CC6)C=C5)N=C2,BYOVZPSNQRPTQJ-UHFFFAOYSA-N,AKI00000021a,Q9Y2U5,MAP3K2,MAP3K2,6.544149999999999
O=C1C2=C(C(C3=CC=CC=N3)=NN1C4=C(Cl)C=NC=C4Cl)N=C(NC5=CC=C(N6CCN(C)CC6)C=C5)N=C2,BYOVZPSNQRPTQJ-UHFFFAOYSA-N,AKI00000021a,Q99759,MAP3K3,MAP3K3,7.174149999999997
O=C1C2=C(C(C3=CC=CC=N3)=NN1C4=C(Cl)C=NC=C4Cl)N=C(NC5=CC=C(N6CCN(C)CC6)C=C5)N=C2,BYOVZPSNQRPTQJ-UHFFFAOYSA-N,AKI00000021a,Q9Y6R4,MAP3K4,MAP3K4,7.9395500000000006
O=C1C2=C(C(C3=CC=CC=N3)=NN1C4=C(Cl)C=NC=C4Cl)N=C(NC5=CC=C(N6CCN(C)CC6)C=C5)N=C2,BYOVZPSNQRPTQJ-UHFFFAOYSA-N,AKI00000021a,Q9Y4K4,MAP4K5,MAP4K5,8.261950000000006
O=C1C2=C(C(C3=CC=CC=N3)=NN1C4=C(Cl)C=NC=C4Cl)N=C(NC5=CC=C(N6CCN(C)CC6)C=C5)N=C2,BYOVZPSNQRPTQJ-UHFFFAOYSA-N,AKI00000021a,P42345,MTOR,MTOR,7.214649999999999
O=C1C2=C(C(C3=CC=CC=N3)=NN1C4=C(Cl)C=NC=C4Cl)N=C(NC5=CC=C(N6CCN(C)CC6)C=C5)N=C2,BYOVZPSNQRPTQJ-UHFFFAOYSA-N,AKI00000021a,P29597,TYK2,TYK2(JH1domain-catalytic),7.160900000000003
O=C1C2=C(C(C3=CC=CC=N3)=NN1C4=C(Cl)C=NC=C4Cl)N=C(NC5=CC=C(N6CCN(C)CC6)C=C5)N=C2,BYOVZPSNQRPTQJ-UHFFFAOYSA-N,AKI00000021a,P30291,WEE1,WEE1,6.735
O=C1C2=C(C(C3=CC=CC=N3)=NN1C4=C(Cl)C=NC=C4Cl)N=C(NC5=CC=C(N6CCN(C)CC6)C=C5)N=C2,BYOVZPSNQRPTQJ-UHFFFAOYSA-N,AKI00000021a,P0C1S8,WEE2,WEE2,7.278950000000001
O=C1C2=C(C(C3=CC=CC=N3)=NN1C4=C(Cl)C=NC=C4Cl)N=C(NC5=CC=C(N6CCN(C)CC6)C=C5)N=C2,BYOVZPSNQRPTQJ-UHFFFAOYSA-N,AKI00000021a,Q56UN5,MAP3K19,YSK4,6.721450000000004
O=C(NC1=CC(Cl)=CC=C1)NC(C=C2)=CC=C2C3=C4C(N(C)N=C4N)=CN=C3,UUVMNPKFPGJBNX-UHFFFAOYSA-N,AKI00000047a,Q8NI60,CABC1,ADCK3,6.874549999999999
O=C(NC1=CC(Cl)=CC=C1)NC(C=C2)=CC=C2C3=C4C(N(C)N=C4N)=CN=C3,UUVMNPKFPGJBNX-UHFFFAOYSA-N,AKI00000047a,P30530,AXL,AXL,6.883950000000002
O=C(NC1=CC(Cl)=CC=C1)NC(C=C2)=CC=C2C3=C4C(N(C)N=C4N)=CN=C3,UUVMNPKFPGJBNX-UHFFFAOYSA-N,AKI00000047a,P49760,CLK2,CLK2,6.762449999999998
O=C(NC1=CC(Cl)=CC=C1)NC(C=C2)=CC=C2C3=C4C(N(C)N=C4N)=CN=C3,UUVMNPKFPGJBNX-UHFFFAOYSA-N,AKI00000047a,P07333,CSF1R,CSF1R,7.041849999999998
O=C(NC1=CC(Cl)=CC=C1)NC(C=C2)=CC=C2C3=C4C(N(C)N=C4N)=CN=C3,UUVMNPKFPGJBNX-UHFFFAOYSA-N,AKI00000047a,P49674,CSNK1E,CSNK1E,6.553913333333331
O=C(NC1=CC(Cl)=CC=C1)NC(C=C2)=CC=C2C3=C4C(N(C)N=C4N)=CN=C3,UUVMNPKFPGJBNX-UHFFFAOYSA-N,AKI00000047a,Q08345,DDR1,DDR1,7.245600000000001
O=C(NC1=CC(Cl)=CC=C1)NC(C=C2)=CC=C2C3=C4C(N(C)N=C4N)=CN=C3,UUVMNPKFPGJBNX-UHFFFAOYSA-N,AKI00000047a,Q16832,DDR2,DDR2,7.998799999999989
O=C(NC1=CC(Cl)=CC=C1)NC(C=C2)=CC=C2C3=C4C(N(C)N=C4N)=CN=C3,UUVMNPKFPGJBNX-UHFFFAOYSA-N,AKI00000047a,O94768,STK17B,DRAK2,7.227649999999995
O=C(NC1=CC(Cl)=CC=C1)NC(C=C2)=CC=C2C3=C4C(N(C)N=C4N)=CN=C3,UUVMNPKFPGJBNX-UHFFFAOYSA-N,AKI00000047a,P29323,EPHB2,EPHB2,7.562179999999997
O=C(NC1=CC(Cl)=CC=C1)NC(C=C2)=CC=C2C3=C4C(N(C)N=C4N)=CN=C3,UUVMNPKFPGJBNX-UHFFFAOYSA-N,AKI00000047a,P54753,EPHB3,EPHB3,7.8623999999999885
O=C(NC1=CC(Cl)=CC=C1)NC(C=C2)=CC=C2C3=C4C(N(C)N=C4N)=CN=C3,UUVMNPKFPGJBNX-UHFFFAOYSA-N,AKI00000047a,O15197,EPHB6,EPHB6,7.020462499999999
O=C(NC1=CC(Cl)=CC=C1)NC(C=C2)=CC=C2C3=C4C(N(C)N=C4N)=CN=C3,UUVMNPKFPGJBNX-UHFFFAOYSA-N,AKI00000047a,P17948,FLT1,FLT1,6.909212499999998
O=C(NC1=CC(Cl)=CC=C1)NC(C=C2)=CC=C2C3=C4C(N(C)N=C4N)=CN=C3,UUVMNPKFPGJBNX-UHFFFAOYSA-N,AKI00000047a,P36888,FLT3,FLT3,6.745699999999999
O=C(NC1=CC(Cl)=CC=C1)NC(C=C2)=CC=C2C3=C4C(N(C)N=C4N)=CN=C3,UUVMNPKFPGJBNX-UHFFFAOYSA-N,AKI00000047a,P35916,FLT4,FLT4,6.4585500000000025
O=C(NC1=CC(Cl)=CC=C1)NC(C=C2)=CC=C2C3=C4C(N(C)N=C4N)=CN=C3,UUVMNPKFPGJBNX-UHFFFAOYSA-N,AKI00000047a,Q8NE63,HIPK4,HIPK4,6.474450000000001
O=C(NC1=CC(Cl)=CC=C1)NC(C=C2)=CC=C2C3=C4C(N(C)N=C4N)=CN=C3,UUVMNPKFPGJBNX-UHFFFAOYSA-N,AKI00000047a,P10721,KIT,KIT,6.642983333333332
O=C(NC1=CC(Cl)=CC=C1)NC(C=C2)=CC=C2C3=C4C(N(C)N=C4N)=CN=C3,UUVMNPKFPGJBNX-UHFFFAOYSA-N,AKI00000047a,Q8IVH8,MAP4K3,MAP4K3,6.698430000000002
O=C(NC1=CC(Cl)=CC=C1)NC(C=C2)=CC=C2C3=C4C(N(C)N=C4N)=CN=C3,UUVMNPKFPGJBNX-UHFFFAOYSA-N,AKI00000047a,Q8WXR4,MYO3B,MYO3B,6.903750000000003
O=C(NC1=CC(Cl)=CC=C1)NC(C=C2)=CC=C2C3=C4C(N(C)N=C4N)=CN=C3,UUVMNPKFPGJBNX-UHFFFAOYSA-N,AKI00000047a,P16234,PDGFRA,PDGFRA,6.387333333333334
O=C(NC1=CC(Cl)=CC=C1)NC(C=C2)=CC=C2C3=C4C(N(C)N=C4N)=CN=C3,UUVMNPKFPGJBNX-UHFFFAOYSA-N,AKI00000047a,P09619,PDGFRB,PDGFRB,6.841674999999999
O=C(NC1=CC(Cl)=CC=C1)NC(C=C2)=CC=C2C3=C4C(N(C)N=C4N)=CN=C3,UUVMNPKFPGJBNX-UHFFFAOYSA-N,AKI00000047a,Q96Q40,CDK15,PFTAIRE2,6.748650000000002
O=C(NC1=CC(Cl)=CC=C1)NC(C=C2)=CC=C2C3=C4C(N(C)N=C4N)=CN=C3,UUVMNPKFPGJBNX-UHFFFAOYSA-N,AKI00000047a,Q8TBX8,PIP4K2C,PIP5K2C,6.6471
O=C(NC1=CC(Cl)=CC=C1)NC(C=C2)=CC=C2C3=C4C(N(C)N=C4N)=CN=C3,UUVMNPKFPGJBNX-UHFFFAOYSA-N,AKI00000047a,P07949,RET,RET,6.765783333333336
O=C(NC1=CC(Cl)=CC=C1)NC(C=C2)=CC=C2C3=C4C(N(C)N=C4N)=CN=C3,UUVMNPKFPGJBNX-UHFFFAOYSA-N,AKI00000047a,P57078,RIPK4,RIPK4,6.614124999999998
O=C(NC1=CC(Cl)=CC=C1)NC(C=C2)=CC=C2C3=C4C(N(C)N=C4N)=CN=C3,UUVMNPKFPGJBNX-UHFFFAOYSA-N,AKI00000047a,Q15349,RPS6KA2,RSK3(Kin.Dom.1-N-terminal),7.215249999999997
O=C(NC1=CC(Cl)=CC=C1)NC(C=C2)=CC=C2C3=C4C(N(C)N=C4N)=CN=C3,UUVMNPKFPGJBNX-UHFFFAOYSA-N,AKI00000047a,P12931,SRC,SRC,7.4574000000000025
O=C(NC1=CC(Cl)=CC=C1)NC(C=C2)=CC=C2C3=C4C(N(C)N=C4N)=CN=C3,UUVMNPKFPGJBNX-UHFFFAOYSA-N,AKI00000047a,Q16288,NTRK3,TRKC,7.893399999999997
O=C(NC1=CC(Cl)=CC=C1)NC(C=C2)=CC=C2C3=C4C(N(C)N=C4N)=CN=C3,UUVMNPKFPGJBNX-UHFFFAOYSA-N,AKI00000047a,P35968,KDR,VEGFR2,6.523908333333333
O=C(NC1=CC(Cl)=CC=C1)NC(C=C2)=CC=C2C3=C4C(N(C)N=C4N)=CN=C3,UUVMNPKFPGJBNX-UHFFFAOYSA-N,AKI00000047a,Q56UN5,MAP3K19,YSK4,6.939749999999999
CC(C(=O)NC1CCN(C1)c1ccnc(Nc2ccc(F)cc2)n1)c1ccc(Cl)cc1,UTVWMEXPPUFQCD-UHFFFAOYSA-N,GSK1379713,Q9BYP7,WNK3,WNK3,6.77455
COc1cc(Nc2nccc(n2)N2CCC(C2)NC(=O)Nc2ccc3OCOc3c2)cc(OC)c1OC,RPMUHLTUQBLTIL-UHFFFAOYSA-N,GSK1379766,O14965,AURKA,AURKA,6.508050000000001
COc1cc(Nc2nccc(n2)N2CCC(C2)NC(=O)Nc2ccc3OCOc3c2)cc(OC)c1OC,RPMUHLTUQBLTIL-UHFFFAOYSA-N,GSK1379766,Q9UQB9,AURKC,AURKC,6.320500000000003
COc1cc(Nc2nccc(n2)N2CCC(C2)NC(=O)Nc2ccc3OCOc3c2)cc(OC)c1OC,RPMUHLTUQBLTIL-UHFFFAOYSA-N,GSK1379766,O15197,EPHB6,EPHB6,6.05935
COc1cc(Nc2nccc(n2)N2CCC(C2)NC(=O)Nc2ccc3OCOc3c2)cc(OC)c1OC,RPMUHLTUQBLTIL-UHFFFAOYSA-N,GSK1379766,Q92918,MAP4K1,HPK1,6.244649999999999
COc1cc(Nc2nccc(n2)N2CCC(C2)NC(=O)Nc2ccc3OCOc3c2)cc(OC)c1OC,RPMUHLTUQBLTIL-UHFFFAOYSA-N,GSK1379766,P51617,IRAK1,IRAK1,6.251650000000003
COc1cc(Nc2nccc(n2)N2CCC(C2)NC(=O)Nc2ccc3OCOc3c2)cc(OC)c1OC,RPMUHLTUQBLTIL-UHFFFAOYSA-N,GSK1379766,Q9Y616,IRAK3,IRAK3,6.213612499999998
COc1cc(Nc2nccc(n2)N2CCC(C2)NC(=O)Nc2ccc3OCOc3c2)cc(OC)c1OC,RPMUHLTUQBLTIL-UHFFFAOYSA-N,GSK1379766,O60674,JAK2,JAK2(JH1domain-catalytic),6.352100000000002
COc1cc(Nc2nccc(n2)N2CCC(C2)NC(=O)Nc2ccc3OCOc3c2)cc(OC)c1OC,RPMUHLTUQBLTIL-UHFFFAOYSA-N,GSK1379766,Q13163,MAP2K5,MEK5,6.233100000000003
COc1cc(Nc2nccc(n2)N2CCC(C2)NC(=O)Nc2ccc3OCOc3c2)cc(OC)c1OC,RPMUHLTUQBLTIL-UHFFFAOYSA-N,GSK1379766,Q6P3R8,NEK5,NEK5,6.4858
COc1cc(Nc2nccc(n2)N2CCC(C2)NC(=O)Nc2ccc3OCOc3c2)cc(OC)c1OC,RPMUHLTUQBLTIL-UHFFFAOYSA-N,GSK1379766,Q9UBF8,PI4KB,PIK4CB,6.492499999999998
COc1cc(Nc2nccc(n2)N2CCC(C2)NC(=O)Nc2ccc3OCOc3c2)cc(OC)c1OC,RPMUHLTUQBLTIL-UHFFFAOYSA-N,GSK1379766,Q8TBX8,PIP4K2C,PIP5K2C,6.269
COc1cc(Nc2nccc(n2)N2CCC(C2)NC(=O)Nc2ccc3OCOc3c2)cc(OC)c1OC,RPMUHLTUQBLTIL-UHFFFAOYSA-N,GSK1379766,Q9BRS2,RIOK1,RIOK1,6.130999999999998
COc1cc(Nc2nccc(n2)N2CCC(C2)NC(=O)Nc2ccc3OCOc3c2)cc(OC)c1OC,RPMUHLTUQBLTIL-UHFFFAOYSA-N,GSK1379766,O14730,RIOK3,RIOK3,6.342949999999995
COc1cc(Nc2nccc(n2)N2CCC(C2)NC(=O)Nc2ccc3OCOc3c2)cc(OC)c1OC,RPMUHLTUQBLTIL-UHFFFAOYSA-N,GSK1379766,Q6PHR2,ULK3,ULK3,6.17535
Fc1ccc(Nc2nccc(n2)N2CCC(C2)NC(=O)c2cccc(c2)C#N)cc1,FRVXLNNIXWWUAQ-UHFFFAOYSA-N,GSK1379708,Q96J92,WNK4,WNK4,5.819199999999996
COc1cc(Nc2nccc(n2)N2CCC(C2)NC(=O)Nc2cccc(c2)C(C)=O)cc(OC)c1OC,FHPPXPQIIDRCLD-UHFFFAOYSA-N,GSK1379753,Q13705,ACVR2B,ACVR2B,5.949449999999995
COc1cc(Nc2nccc(n2)N2CCC(C2)NC(=O)Nc2cccc(c2)C(C)=O)cc(OC)c1OC,FHPPXPQIIDRCLD-UHFFFAOYSA-N,GSK1379753,O14965,AURKA,AURKA,6.915700000000002
COc1cc(Nc2nccc(n2)N2CCC(C2)NC(=O)Nc2cccc(c2)C(C)=O)cc(OC)c1OC,FHPPXPQIIDRCLD-UHFFFAOYSA-N,GSK1379753,O15197,EPHB6,EPHB6,6.881050000000001
COc1cc(Nc2nccc(n2)N2CCC(C2)NC(=O)Nc2cccc(c2)C(C)=O)cc(OC)c1OC,FHPPXPQIIDRCLD-UHFFFAOYSA-N,GSK1379753,Q9Y616,IRAK3,IRAK3,6.681850000000002
COc1cc(Nc2nccc(n2)N2CCC(C2)NC(=O)Nc2cccc(c2)C(C)=O)cc(OC)c1OC,FHPPXPQIIDRCLD-UHFFFAOYSA-N,GSK1379753,O60674,JAK2,JAK2(JH1domain-catalytic),6.857603333333337
COc1cc(Nc2nccc(n2)N2CCC(C2)NC(=O)Nc2cccc(c2)C(C)=O)cc(OC)c1OC,FHPPXPQIIDRCLD-UHFFFAOYSA-N,GSK1379753,P10721,KIT,KIT,6.935165833333334
COc1cc(Nc2nccc(n2)N2CCC(C2)NC(=O)Nc2cccc(c2)C(C)=O)cc(OC)c1OC,FHPPXPQIIDRCLD-UHFFFAOYSA-N,GSK1379753,P29376,LTK,LTK,6.996400000000009
COc1cc(Nc2nccc(n2)N2CCC(C2)NC(=O)Nc2cccc(c2)C(C)=O)cc(OC)c1OC,FHPPXPQIIDRCLD-UHFFFAOYSA-N,GSK1379753,Q13163,MAP2K5,MEK5,8.074249999999985
COc1cc(Nc2nccc(n2)N2CCC(C2)NC(=O)Nc2cccc(c2)C(C)=O)cc(OC)c1OC,FHPPXPQIIDRCLD-UHFFFAOYSA-N,GSK1379753,Q13043,STK4,MST1,6.524899999999999
COc1cc(Nc2nccc(n2)N2CCC(C2)NC(=O)Nc2cccc(c2)C(C)=O)cc(OC)c1OC,FHPPXPQIIDRCLD-UHFFFAOYSA-N,GSK1379753,Q6P3R8,NEK5,NEK5,6.4974
COc1cc(Nc2nccc(n2)N2CCC(C2)NC(=O)Nc2cccc(c2)C(C)=O)cc(OC)c1OC,FHPPXPQIIDRCLD-UHFFFAOYSA-N,GSK1379753,O75914,PAK3,PAK3,6.695916666666661
COc1cc(Nc2nccc(n2)N2CCC(C2)NC(=O)Nc2cccc(c2)C(C)=O)cc(OC)c1OC,FHPPXPQIIDRCLD-UHFFFAOYSA-N,GSK1379753,Q8TBX8,PIP4K2C,PIP5K2C,6.167650000000004
COc1cc(Nc2nccc(n2)N2CCC(C2)NC(=O)Nc2cccc(c2)C(C)=O)cc(OC)c1OC,FHPPXPQIIDRCLD-UHFFFAOYSA-N,GSK1379753,O75716,STK16,STK16,6.558300000000002
COc1cccc(CNC(=O)NC2CCN(C2)c2ccnc(Nc3cc(OC)c(OC)c(OC)c3)n2)c1,DNUXCMSJSBRGFX-UHFFFAOYSA-N,GSK1379765,Q96D53,ADCK4,ADCK4,6.692
COc1cccc(CNC(=O)NC2CCN(C2)c2ccnc(Nc3cc(OC)c(OC)c(OC)c3)n2)c1,DNUXCMSJSBRGFX-UHFFFAOYSA-N,GSK1379765,O14965,AURKA,AURKA,6.3283
COc1cccc(CNC(=O)NC2CCN(C2)c2ccnc(Nc3cc(OC)c(OC)c(OC)c3)n2)c1,DNUXCMSJSBRGFX-UHFFFAOYSA-N,GSK1379765,Q96GD4,AURKB,AURKB,6.526349999999997
COc1cccc(CNC(=O)NC2CCN(C2)c2ccnc(Nc3cc(OC)c(OC)c(OC)c3)n2)c1,DNUXCMSJSBRGFX-UHFFFAOYSA-N,GSK1379765,O43683,BUB1,BUB1,5.938549999999999
COc1cccc(CNC(=O)NC2CCN(C2)c2ccnc(Nc3cc(OC)c(OC)c(OC)c3)n2)c1,DNUXCMSJSBRGFX-UHFFFAOYSA-N,GSK1379765,O15197,EPHB6,EPHB6,6.511600000000002
COc1cccc(CNC(=O)NC2CCN(C2)c2ccnc(Nc3cc(OC)c(OC)c(OC)c3)n2)c1,DNUXCMSJSBRGFX-UHFFFAOYSA-N,GSK1379765,P14616,INSRR,INSRR,5.951200000000001
COc1cccc(CNC(=O)NC2CCN(C2)c2ccnc(Nc3cc(OC)c(OC)c(OC)c3)n2)c1,DNUXCMSJSBRGFX-UHFFFAOYSA-N,GSK1379765,Q9Y616,IRAK3,IRAK3,6.563016666666666
COc1cccc(CNC(=O)NC2CCN(C2)c2ccnc(Nc3cc(OC)c(OC)c(OC)c3)n2)c1,DNUXCMSJSBRGFX-UHFFFAOYSA-N,GSK1379765,O60674,JAK2,JAK2(JH1domain-catalytic),6.3392
COc1cccc(CNC(=O)NC2CCN(C2)c2ccnc(Nc3cc(OC)c(OC)c(OC)c3)n2)c1,DNUXCMSJSBRGFX-UHFFFAOYSA-N,GSK1379765,P53671,LIMK2,LIMK2,6.449470000000002
COc1cccc(CNC(=O)NC2CCN(C2)c2ccnc(Nc3cc(OC)c(OC)c(OC)c3)n2)c1,DNUXCMSJSBRGFX-UHFFFAOYSA-N,GSK1379765,Q13163,MAP2K5,MEK5,6.959366666666664
COc1cccc(CNC(=O)NC2CCN(C2)c2ccnc(Nc3cc(OC)c(OC)c(OC)c3)n2)c1,DNUXCMSJSBRGFX-UHFFFAOYSA-N,GSK1379765,O15146,MUSK,MUSK,6.278483333333332
COc1cccc(CNC(=O)NC2CCN(C2)c2ccnc(Nc3cc(OC)c(OC)c(OC)c3)n2)c1,DNUXCMSJSBRGFX-UHFFFAOYSA-N,GSK1379765,Q6P3R8,NEK5,NEK5,6.5905499999999995
COc1cccc(CNC(=O)NC2CCN(C2)c2ccnc(Nc3cc(OC)c(OC)c(OC)c3)n2)c1,DNUXCMSJSBRGFX-UHFFFAOYSA-N,GSK1379765,P42338,PIK3CB,PIK3CB,6.0782500000000015
COc1cccc(CNC(=O)NC2CCN(C2)c2ccnc(Nc3cc(OC)c(OC)c(OC)c3)n2)c1,DNUXCMSJSBRGFX-UHFFFAOYSA-N,GSK1379765,Q8TBX8,PIP4K2C,PIP5K2C,6.174499999999999
COc1cccc(CNC(=O)NC2CCN(C2)c2ccnc(Nc3cc(OC)c(OC)c(OC)c3)n2)c1,DNUXCMSJSBRGFX-UHFFFAOYSA-N,GSK1379765,P35590,TIE1,TIE1,6.241400000000001
COc1cccc(CNC(=O)NC2CCN(C2)c2ccnc(Nc3cc(OC)c(OC)c(OC)c3)n2)c1,DNUXCMSJSBRGFX-UHFFFAOYSA-N,GSK1379765,Q6PHR2,ULK3,ULK3,6.328345833333335
Oc1ccc(cc1)-c1c[nH]c(=O)c2cc(sc12)-c1ccncc1,CCZJKJIDVXAPAV-UHFFFAOYSA-N,GSK1033723,Q9Y243,AKT3,AKT3,6.328345833333335
Oc1ccc(cc1)-c1c[nH]c(=O)c2cc(sc12)-c1ccncc1,CCZJKJIDVXAPAV-UHFFFAOYSA-N,GSK1033723,P30530,AXL,AXL,6.168553333333336
Oc1ccc(cc1)-c1c[nH]c(=O)c2cc(sc12)-c1ccncc1,CCZJKJIDVXAPAV-UHFFFAOYSA-N,GSK1033723,P49759,CLK1,CLK1,6.240600000000003
Oc1ccc(cc1)-c1c[nH]c(=O)c2cc(sc12)-c1ccncc1,CCZJKJIDVXAPAV-UHFFFAOYSA-N,GSK1033723,Q9HAZ1,CLK4,CLK4,6.121550000000001
Oc1ccc(cc1)-c1c[nH]c(=O)c2cc(sc12)-c1ccncc1,CCZJKJIDVXAPAV-UHFFFAOYSA-N,GSK1033723,Q09013,DMPK,DMPK,6.322450000000001
Oc1ccc(cc1)-c1c[nH]c(=O)c2cc(sc12)-c1ccncc1,CCZJKJIDVXAPAV-UHFFFAOYSA-N,GSK1033723,Q13627,DYRK1A,DYRK1A,6.475600000000004
Oc1ccc(cc1)-c1c[nH]c(=O)c2cc(sc12)-c1ccncc1,CCZJKJIDVXAPAV-UHFFFAOYSA-N,GSK1033723,Q9Y463,DYRK1B,DYRK1B,6.369700000000002
Oc1ccc(cc1)-c1c[nH]c(=O)c2cc(sc12)-c1ccncc1,CCZJKJIDVXAPAV-UHFFFAOYSA-N,GSK1033723,Q92630,DYRK2,DYRK2,6.570049999999997
Oc1ccc(cc1)-c1c[nH]c(=O)c2cc(sc12)-c1ccncc1,CCZJKJIDVXAPAV-UHFFFAOYSA-N,GSK1033723,Q8TF76,GSG2,HASPIN,6.393400000000001
Oc1ccc(cc1)-c1c[nH]c(=O)c2cc(sc12)-c1ccncc1,CCZJKJIDVXAPAV-UHFFFAOYSA-N,GSK1033723,Q9H422,HIPK3,HIPK3,6.111100000000001
Oc1ccc(cc1)-c1c[nH]c(=O)c2cc(sc12)-c1ccncc1,CCZJKJIDVXAPAV-UHFFFAOYSA-N,GSK1033723,P06213,INSR,INSR,6.08245
Oc1ccc(cc1)-c1c[nH]c(=O)c2cc(sc12)-c1ccncc1,CCZJKJIDVXAPAV-UHFFFAOYSA-N,GSK1033723,Q02763,TEK,TIE2,6.2762
Oc1ccc(cc1)-c1c[nH]c(=O)c2cc(sc12)-c1ccncc1,CCZJKJIDVXAPAV-UHFFFAOYSA-N,GSK1033723,Q56UN5,MAP3K19,YSK4,5.84815
COc1cccc(NC(=O)NC2CCN(C2)c2ccnc(Nc3cc(OC)c(OC)c(OC)c3)n2)c1,JWYSBCWFKGORAC-UHFFFAOYSA-N,GSK1379763,P27037,ACVR2A,ACVR2A,6.158150000000001
COc1cccc(NC(=O)NC2CCN(C2)c2ccnc(Nc3cc(OC)c(OC)c(OC)c3)n2)c1,JWYSBCWFKGORAC-UHFFFAOYSA-N,GSK1379763,Q9UQB9,AURKC,AURKC,6.333500000000003
COc1cccc(NC(=O)NC2CCN(C2)c2ccnc(Nc3cc(OC)c(OC)c(OC)c3)n2)c1,JWYSBCWFKGORAC-UHFFFAOYSA-N,GSK1379763,O15197,EPHB6,EPHB6,6.113199999999998
COc1cccc(NC(=O)NC2CCN(C2)c2ccnc(Nc3cc(OC)c(OC)c(OC)c3)n2)c1,JWYSBCWFKGORAC-UHFFFAOYSA-N,GSK1379763,Q9H422,HIPK3,HIPK3,6.554649999999997
COc1cccc(NC(=O)NC2CCN(C2)c2ccnc(Nc3cc(OC)c(OC)c(OC)c3)n2)c1,JWYSBCWFKGORAC-UHFFFAOYSA-N,GSK1379763,Q9Y616,IRAK3,IRAK3,6.542799999999994
COc1cccc(NC(=O)NC2CCN(C2)c2ccnc(Nc3cc(OC)c(OC)c(OC)c3)n2)c1,JWYSBCWFKGORAC-UHFFFAOYSA-N,GSK1379763,O60674,JAK2,JAK2(JH1domain-catalytic),6.762175000000003
COc1cccc(NC(=O)NC2CCN(C2)c2ccnc(Nc3cc(OC)c(OC)c(OC)c3)n2)c1,JWYSBCWFKGORAC-UHFFFAOYSA-N,GSK1379763,P10721,KIT,KIT,6.586700000000002
COc1cccc(NC(=O)NC2CCN(C2)c2ccnc(Nc3cc(OC)c(OC)c(OC)c3)n2)c1,JWYSBCWFKGORAC-UHFFFAOYSA-N,GSK1379763,Q13233,MAP3K1,MAP3K1,6.6865000000000006
COc1cccc(NC(=O)NC2CCN(C2)c2ccnc(Nc3cc(OC)c(OC)c(OC)c3)n2)c1,JWYSBCWFKGORAC-UHFFFAOYSA-N,GSK1379763,Q9Y4K4,MAP4K5,MAP4K5,6.718899999999996
COc1cccc(NC(=O)NC2CCN(C2)c2ccnc(Nc3cc(OC)c(OC)c(OC)c3)n2)c1,JWYSBCWFKGORAC-UHFFFAOYSA-N,GSK1379763,Q13163,MAP2K5,MEK5,6.563299999999998
COc1cccc(NC(=O)NC2CCN(C2)c2ccnc(Nc3cc(OC)c(OC)c(OC)c3)n2)c1,JWYSBCWFKGORAC-UHFFFAOYSA-N,GSK1379763,Q6P3R8,NEK5,NEK5,6.420710000000005
COc1cccc(NC(=O)NC2CCN(C2)c2ccnc(Nc3cc(OC)c(OC)c(OC)c3)n2)c1,JWYSBCWFKGORAC-UHFFFAOYSA-N,GSK1379763,P09619,PDGFRB,PDGFRB,6.077500000000002
COc1cccc(NC(=O)NC2CCN(C2)c2ccnc(Nc3cc(OC)c(OC)c(OC)c3)n2)c1,JWYSBCWFKGORAC-UHFFFAOYSA-N,GSK1379763,Q8TBX8,PIP4K2C,PIP5K2C,6.762960000000001
COc1cccc(NC(=O)NC2CCN(C2)c2ccnc(Nc3cc(OC)c(OC)c(OC)c3)n2)c1,JWYSBCWFKGORAC-UHFFFAOYSA-N,GSK1379763,Q9BRS2,RIOK1,RIOK1,6.409250000000001
COc1cccc(NC(=O)NC2CCN(C2)c2ccnc(Nc3cc(OC)c(OC)c(OC)c3)n2)c1,JWYSBCWFKGORAC-UHFFFAOYSA-N,GSK1379763,O14730,RIOK3,RIOK3,6.673350000000004
COc1cccc(NC(=O)NC2CCN(C2)c2ccnc(Nc3cc(OC)c(OC)c(OC)c3)n2)c1,JWYSBCWFKGORAC-UHFFFAOYSA-N,GSK1379763,Q16288,NTRK3,TRKC,6.189350000000001
COc1cccc(NC(=O)NC2CCN(C2)c2ccnc(Nc3cc(OC)c(OC)c(OC)c3)n2)c1,JWYSBCWFKGORAC-UHFFFAOYSA-N,GSK1379763,Q6PHR2,ULK3,ULK3,6.62405
CS(=O)(=O)c1ccccc1-c1nc(c([nH]1)-c1ccncc1)-c1ccc(F)cc1,SCVJGNCJNHIZPW-UHFFFAOYSA-N,SB-213663,O96017,CHEK2,CHEK2,6.278499999999999
CS(=O)(=O)c1ccccc1-c1nc(c([nH]1)-c1ccncc1)-c1ccc(F)cc1,SCVJGNCJNHIZPW-UHFFFAOYSA-N,SB-213663,O14578,CIT,CIT,6.2825999999999995
CS(=O)(=O)c1ccccc1-c1nc(c([nH]1)-c1ccncc1)-c1ccc(F)cc1,SCVJGNCJNHIZPW-UHFFFAOYSA-N,SB-213663,Q6DT37,CDC42BPG,DMPK2,6.372199999999998
CS(=O)(=O)c1ccccc1-c1nc(c([nH]1)-c1ccncc1)-c1ccc(F)cc1,SCVJGNCJNHIZPW-UHFFFAOYSA-N,SB-213663,P45983,MAPK8,JNK1,5.9559750000000005
CS(=O)(=O)c1ccccc1-c1nc(c([nH]1)-c1ccncc1)-c1ccc(F)cc1,SCVJGNCJNHIZPW-UHFFFAOYSA-N,SB-213663,P45984,MAPK9,JNK2,6.54365
CS(=O)(=O)c1ccccc1-c1nc(c([nH]1)-c1ccncc1)-c1ccc(F)cc1,SCVJGNCJNHIZPW-UHFFFAOYSA-N,SB-213663,P53779,MAPK10,JNK3,6.3802499999999975
CS(=O)(=O)c1ccccc1-c1nc(c([nH]1)-c1ccncc1)-c1ccc(F)cc1,SCVJGNCJNHIZPW-UHFFFAOYSA-N,SB-213663,Q15746,MYLK,MYLK,6.561849999999998
CS(=O)(=O)c1ccccc1-c1nc(c([nH]1)-c1ccncc1)-c1ccc(F)cc1,SCVJGNCJNHIZPW-UHFFFAOYSA-N,SB-213663,Q16539,MAPK14,p38-alpha,6.584700000000001
CS(=O)(=O)c1ccccc1-c1nc(c([nH]1)-c1ccncc1)-c1ccc(F)cc1,SCVJGNCJNHIZPW-UHFFFAOYSA-N,SB-213663,Q9UHD2,TBK1,TBK1,6.467575
NC(=O)c1cc(cc2c(c[nH]c12)C1CCNCC1)-c1ccccc1,VNEKCIHPKSZINU-UHFFFAOYSA-N,GSK301362,Q6P2M8,PNCK,CAMK1B,6.4028750000000025
NC(=O)c1cc(cc2c(c[nH]c12)C1CCNCC1)-c1ccccc1,VNEKCIHPKSZINU-UHFFFAOYSA-N,GSK301362,O14920,IKBKB,IKK-beta,6.366150000000004
NC(=O)c1cc(cc2c(c[nH]c12)C1CCNCC1)-c1ccccc1,VNEKCIHPKSZINU-UHFFFAOYSA-N,GSK301362,P23458,JAK1,JAK1(JH2domain-pseudokinase),6.309900000000003
NC(=O)c1cc(cc2c(c[nH]c12)C1CCNCC1)-c1ccccc1,VNEKCIHPKSZINU-UHFFFAOYSA-N,GSK301362,O60674,JAK2,JAK2(JH1domain-catalytic),6.348850000000003
NC(=O)c1cc(cc2c(c[nH]c12)C1CCNCC1)-c1ccccc1,VNEKCIHPKSZINU-UHFFFAOYSA-N,GSK301362,Q13188,STK3,MST2,6.228950000000001
NC(=O)c1cc(cc2c(c[nH]c12)C1CCNCC1)-c1ccccc1,VNEKCIHPKSZINU-UHFFFAOYSA-N,GSK301362,Q86YV6,MYLK4,MYLK4,6.143450000000004
NC(=O)c1cc(cc2c(c[nH]c12)C1CCNCC1)-c1ccccc1,VNEKCIHPKSZINU-UHFFFAOYSA-N,GSK301362,Q9H093,NUAK2,SNARK,6.220200000000001
NC(=O)c1cc(cc2c(c[nH]c12)C1CCNCC1)-c1ccccc1,VNEKCIHPKSZINU-UHFFFAOYSA-N,GSK301362,Q7L7X3,TAOK1,TAOK1,6.134700000000001
NC(=O)c1cc(cc2c(c[nH]c12)C1CCNCC1)-c1ccccc1,VNEKCIHPKSZINU-UHFFFAOYSA-N,GSK301362,Q9H2K8,TAOK3,TAOK3,6.248800000000001
NC(=O)c1cc(cc2c(c[nH]c12)C1CCNCC1)-c1ccccc1,VNEKCIHPKSZINU-UHFFFAOYSA-N,GSK301362,P29597,TYK2,TYK2(JH2domain-pseudokinase),6.209100000000003
Fc1ccc(CNc2nccc(NCCNC(=O)c3cc4ccccc4s3)n2)cc1,HPIYDXWBJUHQIS-UHFFFAOYSA-N,GSK1379944,O14936,CASK,CASK,6.240899999999999
Fc1ccc(CNc2nccc(NCCNC(=O)c3cc4ccccc4s3)n2)cc1,HPIYDXWBJUHQIS-UHFFFAOYSA-N,GSK1379944,Q00526,CDK3,CDK3,6.310775
Fc1ccc(CNc2nccc(NCCNC(=O)c3cc4ccccc4s3)n2)cc1,HPIYDXWBJUHQIS-UHFFFAOYSA-N,GSK1379944,P11802,CDK4,CDK4-cyclinD1,6.1187999999999985
Fc1ccc(CNc2nccc(NCCNC(=O)c3cc4ccccc4s3)n2)cc1,HPIYDXWBJUHQIS-UHFFFAOYSA-N,GSK1379944,O14757,CHEK1,CHEK1,6.22495
Fc1ccc(CNc2nccc(NCCNC(=O)c3cc4ccccc4s3)n2)cc1,HPIYDXWBJUHQIS-UHFFFAOYSA-N,GSK1379944,P78368,CSNK1G2,CSNK1G2,6.719099999999997
Fc1ccc(CNc2nccc(NCCNC(=O)c3cc4ccccc4s3)n2)cc1,HPIYDXWBJUHQIS-UHFFFAOYSA-N,GSK1379944,O43293,DAPK3,DAPK3,6.456950000000002
Fc1ccc(CNc2nccc(NCCNC(=O)c3cc4ccccc4s3)n2)cc1,HPIYDXWBJUHQIS-UHFFFAOYSA-N,GSK1379944,Q08345,DDR1,DDR1,6.121150000000003
Fc1ccc(CNc2nccc(NCCNC(=O)c3cc4ccccc4s3)n2)cc1,HPIYDXWBJUHQIS-UHFFFAOYSA-N,GSK1379944,P29323,EPHB2,EPHB2,6.2948
Fc1ccc(CNc2nccc(NCCNC(=O)c3cc4ccccc4s3)n2)cc1,HPIYDXWBJUHQIS-UHFFFAOYSA-N,GSK1379944,P27361,MAPK3,ERK1,6.490749999999999
Fc1ccc(CNc2nccc(NCCNC(=O)c3cc4ccccc4s3)n2)cc1,HPIYDXWBJUHQIS-UHFFFAOYSA-N,GSK1379944,P22455,FGFR4,FGFR4,6.452150000000002
Fc1ccc(CNc2nccc(NCCNC(=O)c3cc4ccccc4s3)n2)cc1,HPIYDXWBJUHQIS-UHFFFAOYSA-N,GSK1379944,O14920,IKBKB,IKK-beta,6.611216666666669
Fc1ccc(CNc2nccc(NCCNC(=O)c3cc4ccccc4s3)n2)cc1,HPIYDXWBJUHQIS-UHFFFAOYSA-N,GSK1379944,P51617,IRAK1,IRAK1,6.893200000000002
Fc1ccc(CNc2nccc(NCCNC(=O)c3cc4ccccc4s3)n2)cc1,HPIYDXWBJUHQIS-UHFFFAOYSA-N,GSK1379944,Q6P3R8,NEK5,NEK5,6.561866666666669
Fc1ccc(CNc2nccc(NCCNC(=O)c3cc4ccccc4s3)n2)cc1,HPIYDXWBJUHQIS-UHFFFAOYSA-N,GSK1379944,Q9UBE8,NLK,NLK,6.074350000000001
Fc1ccc(CNc2nccc(NCCNC(=O)c3cc4ccccc4s3)n2)cc1,HPIYDXWBJUHQIS-UHFFFAOYSA-N,GSK1379944,P09619,PDGFRB,PDGFRB,7.375766666666668
Fc1ccc(CNc2nccc(NCCNC(=O)c3cc4ccccc4s3)n2)cc1,HPIYDXWBJUHQIS-UHFFFAOYSA-N,GSK1379944,O60331,PIP5K1C,PIP5K1C,5.963633333333333
Fc1ccc(CNc2nccc(NCCNC(=O)c3cc4ccccc4s3)n2)cc1,HPIYDXWBJUHQIS-UHFFFAOYSA-N,GSK1379944,Q02156,PRKCE,PRKCE,6.283199999999995
Fc1ccc(CNc2nccc(NCCNC(=O)c3cc4ccccc4s3)n2)cc1,HPIYDXWBJUHQIS-UHFFFAOYSA-N,GSK1379944,O94806,PRKD3,PRKD3,6.434600000000002
Fc1ccc(CNc2nccc(NCCNC(=O)c3cc4ccccc4s3)n2)cc1,HPIYDXWBJUHQIS-UHFFFAOYSA-N,GSK1379944,P07949,RET,RET,5.8218
COc1cc(Nc2nccc(n2)N2CCC(C2)NC(=O)Nc2cccc(c2)C(C)=O)cc(OC)c1OC,FHPPXPQIIDRCLD-UHFFFAOYSA-N,GSK1379753,Q16288,NTRK3,TRKC,6.0228
Cc1ccc2c(cnn2n1)-c1ccnc(Nc2ccc(cc2)C(F)(F)F)n1,LOAIUSJMQXSEBK-UHFFFAOYSA-N,GW819776,Q8IVW4,CDKL3,CDKL3,6.531500000000001
Cc1ccc2c(cnn2n1)-c1ccnc(Nc2ccc(cc2)C(F)(F)F)n1,LOAIUSJMQXSEBK-UHFFFAOYSA-N,GW819776,P49759,CLK1,CLK1,6.4089
Cc1ccc2c(cnn2n1)-c1ccnc(Nc2ccc(cc2)C(F)(F)F)n1,LOAIUSJMQXSEBK-UHFFFAOYSA-N,GW819776,Q8TD08,MAPK15,ERK8,5.872000000000002
Cc1ccc2c(cnn2n1)-c1ccnc(Nc2ccc(cc2)C(F)(F)F)n1,LOAIUSJMQXSEBK-UHFFFAOYSA-N,GW819776,Q86Z02,HIPK1,HIPK1,6.1904499999999985
Cc1ccc2c(cnn2n1)-c1ccnc(Nc2ccc(cc2)C(F)(F)F)n1,LOAIUSJMQXSEBK-UHFFFAOYSA-N,GW819776,Q9H2X6,HIPK2,HIPK2,6.046899999999997
Cc1ccc2c(cnn2n1)-c1ccnc(Nc2ccc(cc2)C(F)(F)F)n1,LOAIUSJMQXSEBK-UHFFFAOYSA-N,GW819776,Q9H422,HIPK3,HIPK3,5.616750000000001
Cc1ccc2c(cnn2n1)-c1ccnc(Nc2ccc(cc2)C(F)(F)F)n1,LOAIUSJMQXSEBK-UHFFFAOYSA-N,GW819776,P45983,MAPK8,JNK1,6.518299999999998
Cc1ccc2c(cnn2n1)-c1ccnc(Nc2ccc(cc2)C(F)(F)F)n1,LOAIUSJMQXSEBK-UHFFFAOYSA-N,GW819776,P53779,MAPK10,JNK3,6.412650000000003
Cc1ccc2c(cnn2n1)-c1ccnc(Nc2ccc(cc2)C(F)(F)F)n1,LOAIUSJMQXSEBK-UHFFFAOYSA-N,GW819776,P10721,KIT,KIT,6.37440833333333
Cc1ccc2c(cnn2n1)-c1ccnc(Nc2ccc(cc2)C(F)(F)F)n1,LOAIUSJMQXSEBK-UHFFFAOYSA-N,GW819776,P46734,MAP2K3,MEK3,6.3306000000000004
Cc1ccc2c(cnn2n1)-c1ccnc(Nc2ccc(cc2)C(F)(F)F)n1,LOAIUSJMQXSEBK-UHFFFAOYSA-N,GW819776,P51956,NEK3,NEK3,6.522699999999997
Cc1ccc2c(cnn2n1)-c1ccnc(Nc2ccc(cc2)C(F)(F)F)n1,LOAIUSJMQXSEBK-UHFFFAOYSA-N,GW819776,Q6P3R8,NEK5,NEK5,6.443483333333336
Cc1ccc2c(cnn2n1)-c1ccnc(Nc2ccc(cc2)C(F)(F)F)n1,LOAIUSJMQXSEBK-UHFFFAOYSA-N,GW819776,Q8TBX8,PIP4K2C,PIP5K2C,6.669624999999996
Cc1ccc2c(cnn2n1)-c1ccnc(Nc2ccc(cc2)C(F)(F)F)n1,LOAIUSJMQXSEBK-UHFFFAOYSA-N,GW819776,Q9BVS4,RIOK2,RIOK2,6.481383333333338
CC(C)(C)c1ccc2nccc(Nc3cccc(O)c3)c2c1,YLGOFBVUMIJIPS-UHFFFAOYSA-N,GW856795,P00519,ABL1,ABL1-phosphorylated,6.14202
CC(C)(C)c1ccc2nccc(Nc3cccc(O)c3)c2c1,YLGOFBVUMIJIPS-UHFFFAOYSA-N,GW856795,P04626,ERBB2,ERBB2,6.5991
CC(C)(C)c1ccc2nccc(Nc3cccc(O)c3)c2c1,YLGOFBVUMIJIPS-UHFFFAOYSA-N,GW856795,P42685,FRK,FRK,6.3949
CC(C)(C)c1ccc2nccc(Nc3cccc(O)c3)c2c1,YLGOFBVUMIJIPS-UHFFFAOYSA-N,GW856795,P06239,LCK,LCK,6.4140500000000005
CC(C)(C)c1ccc2nccc(Nc3cccc(O)c3)c2c1,YLGOFBVUMIJIPS-UHFFFAOYSA-N,GW856795,Q12851,MAP4K2,MAP4K2,6.590750000000002
CC(C)(C)c1ccc2nccc(Nc3cccc(O)c3)c2c1,YLGOFBVUMIJIPS-UHFFFAOYSA-N,GW856795,P16234,PDGFRA,PDGFRA,6.1600600000000005
CC(C)(C)c1ccc2nccc(Nc3cccc(O)c3)c2c1,YLGOFBVUMIJIPS-UHFFFAOYSA-N,GW856795,O15530,PDPK1,PDPK1,6.593066666666669
CC(C)(C)c1ccc2nccc(Nc3cccc(O)c3)c2c1,YLGOFBVUMIJIPS-UHFFFAOYSA-N,GW856795,P17612,PRKACA,PKAC-alpha,6.47045
CC(C)(C)c1ccc2nccc(Nc3cccc(O)c3)c2c1,YLGOFBVUMIJIPS-UHFFFAOYSA-N,GW856795,P07949,RET,RET,6.241450000000003
CC(C)(C)c1ccc2nccc(Nc3cccc(O)c3)c2c1,YLGOFBVUMIJIPS-UHFFFAOYSA-N,GW856795,P12931,SRC,SRC,6.242149999999997
CC(C)(C)c1ccc2nccc(Nc3cccc(O)c3)c2c1,YLGOFBVUMIJIPS-UHFFFAOYSA-N,GW856795,Q7L7X3,TAOK1,TAOK1,5.927649999999999
CC(C)(C)c1ccc2nccc(Nc3cccc(O)c3)c2c1,YLGOFBVUMIJIPS-UHFFFAOYSA-N,GW856795,P37173,TGFBR2,TGFBR2,6.644399999999999
CC(C)(C)c1ccc2nccc(Nc3cccc(O)c3)c2c1,YLGOFBVUMIJIPS-UHFFFAOYSA-N,GW856795,Q86Y07,VRK2,VRK2,6.354399999999998
CCn1c(nc2c(nc(OCCN)cc12)C#CC(C)(C)O)-c1nonc1N,UZANYRRVDZSQGV-UHFFFAOYSA-N,GSK902056,P31749,AKT1,AKT1,6.066170000000004
CCn1c(nc2c(nc(OCCN)cc12)C#CC(C)(C)O)-c1nonc1N,UZANYRRVDZSQGV-UHFFFAOYSA-N,GSK902056,P31751,AKT2,AKT2,5.908150000000003
CCn1c(nc2c(nc(OCCN)cc12)C#CC(C)(C)O)-c1nonc1N,UZANYRRVDZSQGV-UHFFFAOYSA-N,GSK902056,Q9Y243,AKT3,AKT3,6.229899999999999
CCn1c(nc2c(nc(OCCN)cc12)C#CC(C)(C)O)-c1nonc1N,UZANYRRVDZSQGV-UHFFFAOYSA-N,GSK902056,P21802,FGFR2,FGFR2,7.956499999999998
CCn1c(nc2c(nc(OCCN)cc12)C#CC(C)(C)O)-c1nonc1N,UZANYRRVDZSQGV-UHFFFAOYSA-N,GSK902056,Q9P286,PAK7,PAK7,7.2087833333333275
CCn1c(nc2c(nc(OCCN)cc12)C#CC(C)(C)O)-c1nonc1N,UZANYRRVDZSQGV-UHFFFAOYSA-N,GSK902056,Q05655,PRKCD,PRKCD,6.757850000000003
CCn1c(nc2c(nc(OCCN)cc12)C#CC(C)(C)O)-c1nonc1N,UZANYRRVDZSQGV-UHFFFAOYSA-N,GSK902056,Q02156,PRKCE,PRKCE,6.293800000000002
CCn1c(nc2c(nc(OCCN)cc12)C#CC(C)(C)O)-c1nonc1N,UZANYRRVDZSQGV-UHFFFAOYSA-N,GSK902056,P24723,PRKCH,PRKCH,6.519699999999998
CCn1c(nc2c(nc(OCCN)cc12)C#CC(C)(C)O)-c1nonc1N,UZANYRRVDZSQGV-UHFFFAOYSA-N,GSK902056,Q04759,PRKCQ,PRKCQ,6.778200000000002
CCn1c(nc2c(nc(OCCN)cc12)C#CC(C)(C)O)-c1nonc1N,UZANYRRVDZSQGV-UHFFFAOYSA-N,GSK902056,Q13237,PRKG2,PRKG2,6.580299999999999
CCn1c(nc2c(nc(OCCN)cc12)C#CC(C)(C)O)-c1nonc1N,UZANYRRVDZSQGV-UHFFFAOYSA-N,GSK902056,P51817,PRKX,PRKX,6.5473
CCn1c(nc2c(nc(OCCN)cc12)C#CC(C)(C)O)-c1nonc1N,UZANYRRVDZSQGV-UHFFFAOYSA-N,GSK902056,O75676,RPS6KA4,RPS6KA4(Kin.Dom.2-C-terminal),6.667290476190477
CCn1c(nc2c(nc(OCCN)cc12)C#CC(C)(C)O)-c1nonc1N,UZANYRRVDZSQGV-UHFFFAOYSA-N,GSK902056,Q56UN5,MAP3K19,YSK4,6.588749999999999
